Curah Hujan,Suhu,Debit
72.4557325,27.6,152.746
23.4823687,27.4,69.907
8.65070816,27.3,91.315
9.70869743,25.7,179.524
35.0278434,27.5,217.638
25.0343784,27,99.291
8.94710523,28.4,70.968
11.019124,28,92.705
14.9605852,26.8,66.401
17.2241927,28,133.518
12.9234567,27.5,82.824
6.53940528,27.5,89.866
24.5353887,27.4,93.628
6.21055037,28.6,65.595
3.97016942,27.3,38.462
1.9861885,26.9,27.773
2.56335818,27.7,24.466
7.24382171,27.4,46.442
5.88196908,26.8,37.814
3.71556198,27.3,29.081
11.1683031,27,36.968
11.7056971,27.3,128.258
42.9132191,28.1,140.355
27.2820781,28.5,100.205
31.9396068,27.2,141.689
7.8418498,27.4,138.296
3.26101013,27.9,68.556
7.95413057,28.5,52.356
7.3224206,27.6,52.344
13.3460517,28.4,154.914
19.7982867,28.2,92.273
35.206396,28.1,103.741
9.6721678,27.6,83.445
16.0739559,28,164.009
16.4298225,27.3,104.113
9.95382015,28.9,120.403
13.6143179,29.1,171.849
15.9986585,28.9,85.133
13.0763838,29.3,82.447
9.75782246,28.3,69.683
10.4387224,28.3,59.91
3.33223247,28.3,66.938
20.41805,28.7,66.704
3.05015023,28.1,44.88
3.53926374,28.7,36.104
3.17133533,27.6,33.019
3.57136828,28.3,37.684
9.74714879,27.6,32.609
2.88682991,27.6,29.693
0.05868935,28.1,60.598
16.9077213,28,42.676
8.65503485,25.9,116.438
18.9499308,27,74.845
22.7505049,27.8,107.463
6.93781468,27.6,76.67
5.83409849,27.4,51.869
1.93167455,28.7,73.025
6.03736412,28.3,76.496
9.29451006,28,56.76
0,27.8,39.812
3.00452287,27.6,32.507
0.52820415,28.1,53.609
2.94995784,27.6,62.642
4.67741337,28.4,41.592
0.11049394,27.4,45.121
5.36300911,27.9,39.617
0,27.5,28.771
0,27.6,25.483
0.06961227,27.9,21.912
9.92202116,27.3,24.922
0.62811917,28,24.607
7.71418332,27.3,127.911
17.7067637,28,82.477
8.28775152,27.2,96.149
8.93614021,27.6,149.663
4.86261773,27.3,110.105
16.7497944,28.1,73.32
9.41517717,27.5,70.609
3.3122701,27.1,48.057
1.53942029,28.3,42.213
2.12585868,27.6,42.529
5.3427643,28.3,60.896
8.57500024,28,37.416
1.43204132,27.6,36.447
1.28598553,27.9,25.714
8.68125793,27.7,23.077
11.9870331,23.3,41.245
4.49770109,28,46.987
4.15425696,28.4,41.552
7.02504292,28.8,30.932
10.4975165,28.7,41.456
12.4966267,27.9,93.237
21.4243782,27.4,52.21
3.60310532,28.8,35.693
6.61377613,29.1,29.66
3.03377187,29.5,35.792
3.58947116,29,25.996
21.2844271,28.5,100.266
14.8712031,27.9,81.278
0,28.4,45.951
1.8034485,28.1,42.176
11.7720909,26.8,137.376
39.3447305,26.7,111.992
2.89859136,28.6,58.125
0,29.8,42.827
0.43183193,28.1,35.078
0,27.9,28.608
2.14806198,28.6,56.854
20.0255865,27.2,49.435
20.1071804,28.1,42.721
7.91639723,28.3,92.257
4.44652424,28.1,118.402
15.6854763,28.3,75.922
6.20362917,28.2,43.945
0,27.6,80.345
2.83391237,27.1,87.677
17.5531982,27.7,146.063
27.5525154,26.9,71.561
1.15055225,27.9,43.101
0,28.3,31.933
0,22.8,30.734
1.75027273,22.9,33.385
0,23.9,27.267
0,23.5,25.299
0,24.4,21.404
3.79548791,26.7,20.09
4.64630468,25,41.818
13.4875819,23.1,32.767
11.2434064,23.5,26.806
0,27.3,20.815
2.66180212,24.3,25.968
4.46025879,21.9,31.314
0.85883799,24.1,58.807
4.24355488,23.6,37.451
3.23128434,25.1,36.038
1.57039363,27.2,23.034
0.94136094,26.3,20.776
2.20987876,27.5,31.881
2.1312485,27.8,22.197
0.05229783,26.7,17.83581
1.36034106,26.8,30.248
0,26.6,24.629
0.79557851,26.1,20.649
0,27.3,18.47281
0.60690661,27.7,17.818
5.32356404,27,27.034
0.6367182,26.7,21.483
1.51159917,27.2,27.055
0.42799943,25.1,24.778
1.09783745,25.3,22.773
0,25,18.709
0.92998766,27.3,15.498
1.0564651,27,20.936
0,27.6,31.9
4.65258151,26.5,17.75
0.89286912,26.8,16.32141
0,26.7,16.479
0,27.2,16.295
0.89383485,27.8,13.51
0.22098788,26.7,13.91
0,26.7,13.425
1.68256461,27.7,11.961
0,27,11.699
0,27,13.334
0,27.2,12.129
0,26.1,10.459
0,27,9.984
0,27.3,11.417
5.82165773,27,13.611
0.1173787,27,12.77541
6.86375804,26,13.055
0,25.6,12.527
0,27.5,12.18041
2.78443815,26.4,13.186
0,26.5,26.079
32.5353658,26.6,20.167
4.69377856,26.1,19.66
0.2347574,25.7,15.762
0,26.3,13.47141
0,25.4,13.214
0,25.5,13.45
0,25.7,12.648
0.11049394,23.4,14.241
0,26.6,13.533
0.08803402,27,13.186
0,26.9,12.188
0.22434195,27,11.84
2.32206292,26.2,12.928
0.1173787,26.5,13.619
0,27.1,12.28
0,27.5,12.085
0,28.1,10.873
0,27.6,10.213
5.06572156,26,14.537
0,26.9,14.841
0,28.3,13.845
0,27.1,13.55
0,27.7,12.789
0,27.7,11.695
0,26.8,11.292
0,28.2,10.658
0,27.4,12.689
0,27.6,10.526
1.23388071,27.8,11.503
4.55248469,27.8,12.497
0,27.8,12.614
0,28.5,11.868
0.97292454,28.9,10.906
0,29.1,10.594
0,28.8,10.346
0,28.1,9.976
0,28.1,9.69
0,24.9,7.904
0,24.5,8.853
0,25.5,8.186
0,25.4,7.904
0,26.2,8.42
0,27.8,6.872
0,25.8,7.251
0.99906974,24.9,8.526
0.1173787,25.7,6.983
0,29.5,7.134
0,26.2,7.365
0,23.5,7.182
0,26,7.262
0,25.3,6.37
0,26.6,6.231
0,27.3,5.614
0,26.5,6.052
0,25.9,5.862
0,26,5.504
0,25,5.435
31.5111799,25.6,17.813
0,26.3,9.059
0,25.2,9.356
0,25.7,7.252
0,25.7,5.263
0,25.7,5.059
0,27.2,4.553
0,26.3,4.615
0,27.8,4.466
0,28.8,4.38
0,27.8,4.195
0,27.7,4.189
0,27.5,4.393
0,28.1,3.72
0,28.2,4.416
0,27.8,4.212
0,27.3,6.817
0,27.6,5.773
0,28.3,6.167
0,28.1,6.447
0,27.6,3.986
0,27.2,6.06
0,26.8,6.616
0,28.1,5.132
0,27.1,5.274
0,27.5,5.408
0,27.6,4.409
0,27.1,5.481
0,27.8,5.685
0,27.7,5.724
0,28.1,5.565
0,27.1,5.084
0,26.5,4.855
0,26.9,4.06
0,28.3,5.132
0,28.8,4.173
0,27.3,4.309
0,28.2,4.357
0,28,4.086
0,27.5,4.999
0,27.8,4.767
0,25.7,4.466
0,23.4,3.956
0,26.6,4.545
0,27,3.876
0,26.9,4.093
0,27,4.466
0,26.2,4.06
0,26.5,3.837
0,27.1,3.822
0,27.6,3.849
0,28.1,3.058
0,27.6,3.206
0,26,3.974
0,26.9,4.086
0,28.3,4.111
0,27.1,4.59
0,27.7,5.563
0,27.7,5.278
0,26.8,5.517
0.85180605,28.1,5.819
0.55022176,27.4,6.091
0,27.6,6.151
0.1173787,27.8,6.041
0,27.8,5.717
0,27.8,5.548
0,28.5,6.146
0,28.9,5.545
0,29.1,5.039
0,28.8,4.542
0,28.1,3.184
0.78519682,28.1,3.654
0,27.6,3.112
0,28,3.639
0,27.2,2.741
0,27.6,2.989
0,27.6,2.26
4.97021293,28.1,2.706
7.27848454,27.6,6.58
12.9995283,27.9,10.705
19.5288048,27.1,15.321
19.8547502,26.8,16.749
7.11417031,28,22.027
7.09833314,28.2,11.05841
8.37411394,28.1,16.63
8.35587509,27.7,20.729
11.1468661,27.5,24.222
9.62779853,28.1,24.976
18.0090683,28.2,46.262
10.2704508,27.8,23.412
17.7285907,27.3,15.779
0.36102163,27.6,11.097
11.8051978,28.3,19.767
12.230099,28.1,16.413
11.3304435,28.6,20.469
9.98830856,28.8,15.453
6.19840351,28.6,30.512
9.520173,27.7,18.619
8.96195051,28,24.733
3.32137371,27.9,34.674
12.0750748,27.1,42.773
11.2011,26.8,54.825
48.6449806,27.7,146.647
13.2374859,27.5,135.399
18.595225,26.5,57.16
16.9845536,28.2,123.945
40.4068839,27.8,126.67
25.7883294,27.3,124.526
25.2588684,27.5,77.747
4.95382311,28.7,45.517
0.75576273,28.1,33.399
4.66554871,27.6,23.473
15.3608625,28,34.202
16.3773293,27.2,27.674
14.8851491,27.6,23.584
5.74817355,27.6,20.568
10.3097271,28.1,72.127
18.9738059,27.6,101.63
36.1013462,27.9,111.215
40.3383822,27.1,125.342
25.3946298,26.8,80.97
2.83920843,26.8,42.436
25.8078978,27.3,73.428
18.4700979,27.6,52.936
24.7453495,28.1,83.977
10.0924245,28.6,95.099
29.0837335,28.8,110.73
27.6770593,28.6,154.894
25.7284998,27.7,288.141
49.1953595,28,339.997
71.5594522,28,393.822
3.63755097,28.2,150.262
19.9864553,28.1,111.542
69.9894391,27.1,100.665
19.7718098,26.3,79.01
11.1811545,27,65.564
16.4832693,27.8,54.841
31.6737483,28.6,170.352
12.9052872,28.5,64.158
13.8783828,28.3,40.004
10.3663129,26.6,31.945
5.87780903,27.5,27.363
7.56541481,27.5,21.553
9.333771,28.1,69.346
6.73066786,28.7,138.147
19.9429572,26.7,141.819
3.6424005,27.6,71.001
1.31089865,27.8,80.647
0.38842857,27.3,59.351
1.24525422,27.6,43.272
9.33276219,27.4,41.408
2.2253809,27.1,32.855
0.90995417,27.7,28.829
17.8669817,26.5,27.803
22.3101211,25.8,34.139
25.8196078,26.7,74.969
28.6878552,27.3,75.076
24.8857772,26.9,107.346
7.4550505,26.5,70.433
1.8178763,27.5,36.79
8.57108927,26.9,28.646
7.76448052,27.9,68.761
4.62926393,27.2,48.833
6.96134373,27,63.92
36.0019745,27.6,97.335
25.2322042,28.1,81.12
24.2732668,28.6,40.786
16.3153771,28.8,27.803
17.3911164,28.6,59.021
13.3371745,27.7,70.879
1.00527227,28,111.628
13.3751956,28,115.173
7.02127407,28.2,60.043
2.6585932,28.1,63.903
5.16503943,28,145.711
17.3760244,27.2,151.528
4.1899642,27.6,98.886
3.30897528,27.6,164.453
0.6422985,28.1,99.309
1.01534325,27.6,60.577
10.6433323,27.9,46.459
0.13533783,27.1,85.541
0.24093448,26.8,58.389
4.34230944,26.8,42.906
9.01592346,27.7,38.833
4.74275606,27.5,43.115
20.2487777,28.1,52.331
6.85474453,28.2,52.301
13.6284378,27.8,69.949
4.05047838,27.3,35.33
6.26741797,27.6,35.733
3.64392546,28.3,32.325
2.14806198,26.9,94.789
8.90721704,27.2,76.81
6.5406372,27.3,49.004
2.43476559,26.9,61.703
8.68050662,27.1,140.337
1.8491447,27.9,326.486
9.69328497,26.3,136.997
0,26.7,110.964
0,27.1,76.684
0.00208443,26.7,46.507
3.27035747,26.8,72.841
2.42485258,27.2,77.669
8.79471674,27,59.988
11.7209366,26.6,242.162
12.3671084,26.8,124.237
5.30688542,28.5,101.662
0.84623463,28,75.085
8.43978817,26.9,61.881
5.61705282,27.2,85.061
1.03112975,27.6,72.066
0.24184066,26.6,74.824
4.17833549,28,159.102
3.06578875,28.2,91.079
4.81174234,27.9,76.936
2.38673554,28.4,57.299
1.61112508,28.3,67.216
2.73991228,27.5,100.707
4.57006486,27,96.128
2.0466204,27.8,101.178
2.98889616,26.8,74.098
8.72722435,27.8,57.535
10.1792851,27.6,63.676
1.01321371,28,42.135
3.79519165,27.2,59.301
0.29125783,27.6,59.442
0.48234407,27.6,59.962
0.71265519,28.1,62.386
0.2707177,27.6,50.668
26.1978838,27.9,59.047
0.99801627,27.1,31.154
0,26.8,21.231
0.09196301,28,71.232
2.52909817,28.2,58.672
12.5255383,28.1,98.769
1.19350514,27.7,67.277
0,27.5,42.247
0.10465939,28.1,41.238
0,28.2,27.545
0,27.8,35.52
2.58766326,27.3,63.519
1.48159143,27.6,67.424
5.28129836,28.3,36.473
0.66464554,28.1,89.567
9.54822017,28.6,126.545
4.7008635,28.8,93.491
0,28.6,70.454
0.37814843,27.7,48.557
9.34040695,28,69.727
3.92349534,27.9,78.283
0.53415063,27.1,50.399
0,26.8,35.664
0,27.3,114.879
0,27,73.68
0,27.6,68.059
0,26.5,48.609
0,26.8,35.825
6.15407662,26.7,31.962
5.25456523,27.2,29.106
13.6100759,27.8,26.135
10.5323041,26.7,27.22
0,26.7,25.582
0.64995152,27.7,21.318
0.26018631,27,23.152
0.38756169,27,26.905
2.32931327,27.2,27.309
2.06601323,26.1,28.426
0.44304421,27,20.117
0.03832026,27.3,16.069
0.13133779,27,13.344
0.60127428,27,14.087
0.0021289,26,14.241
1.01891334,25.6,12.544
0,27.5,12.52
0,26.4,12.171
0,26.5,11.894
0.31899645,26.6,15.985
0.83953823,26.1,15.633
0.19810463,25.7,14.14
0,26.3,16.086
0.09725593,25.4,14.145
0.83696967,25.5,10.448
0,28.1,12.896
0.92998766,27.3,36.142
7.70662591,27,24.26
0,27.6,47.529
57.1495613,26.5,20.813
1.34728554,26.8,15.22181
0,26.7,15.835
0,27.2,16.112
11.1478797,27.8,15.674
0.09387866,26.7,12.54741
0,26.7,12.85681
2.82234111,27.7,12.46341
0,27,12.505
0,27,11.723
0,27.2,10.004
0,26.1,10.098
0,27,9.356
0,27.3,10.227
57.0918821,27,10.52
0.54348198,27,10.672
7.0344357,26,9.865
0,25.6,10.688
0,27.5,10.264
15.4643126,26.4,9.185
0,26.5,9.452
76.0148295,26.6,8.13
6.51161629,26.1,6.934
1.08696396,25.7,7.835
0,26.3,9.56
0,25.4,7.205
0,25.5,7.114
0,25.7,7.886
0.11049394,23.4,7.87
0,26.6,7.791
1.67277918,27,8.069
0,26.9,7.496
0.03359324,27,7.285
8.03235873,26.2,6.714
2.23037224,26.5,6.039
0,27.1,6.46
0,27.5,6.231
0,28.1,6.334
0,27.6,6.234
1.19267725,26,6.356
0,26.9,6.072
0,28.3,6.631
0,27.1,6.546
0,27.7,6.317
0,27.7,6.902
0,26.8,6.936
0,28.2,6.767
0,27.4,6.902
0,27.6,6.852
0.18476282,27.8,6.637
3.52077085,27.8,6.767
0,27.8,6.637
0,28.5,6.549
0.66084568,28.9,6.725
0,29.1,5.426
0,28.8,5.463
0,28.1,5.72
0,28.1,5.755
0,25.7,5.733
0,23.4,5.65
0,26.6,5.426
0,27,5.72
0,26.9,5.648
0,27,5.916
0,26.2,5.645
0.99906974,26.5,5.059
0.1173787,27.1,4.855
0,27.6,4.737
0,28.1,5.58
0,27.6,5.463
0,26,5.351
0,26.9,5.406
0,28.3,3.552
0,27.1,4.872
0,27.7,4.393
0,27.7,3.319
0,26.8,3.611
0,28.1,3.671
31.5111799,27.4,3.834
0,27.6,3.584
0,27.8,3.789
0,27.8,3.668
0,27.8,3.23
0,28.5,3.651
0,28.9,3.426
0,29.1,3.349
0,28.8,3.389
0,28.1,3.309
0,28.1,3.269
0,27.7,3.34
0,27.5,3.28
0,28.1,3.395
0,28.2,3.053
0,27.8,3.142
0,27.3,3.057
0,27.6,2.181
0,28.3,2.715
0,28.1,2.739
0,27.6,2.764
0,27.2,2.64
0,26.8,2.665
0,28.1,2.483
0,27.1,2.456
0,27.5,2.076
0,27.6,2.033
0,27.1,1.783
0,27.8,1.867
0,27.7,1.814
0,28.1,1.781
0,27.1,1.899
0,26.5,1.919
0,26.9,1.878
0,28.3,1.979
0,28.8,1.979
0,27.3,1.802
0,28.2,1.531
0,28,1.541
0,27.5,1.626
0,27.8,1.668
0,25.7,1.696
0,23.4,1.733
0,26.6,1.827
0,27,1.845
0,26.9,1.863
0,27,1.916
0,26.2,1.872
0,26.5,1.523
0,27.1,3.753
0,27.6,4.205
0,28.1,2.191
0,27.6,2.594
0,26,2.214
0,26.9,2.584
0,28.3,2.893
0,27.1,2.936
0,27.7,1.979
0,27.7,2.132
0,26.8,2.257
0.65248993,28.1,2.735
0.34138497,27.4,2.168
0,27.6,2.204
0.1173787,27.8,2.186
0,27.8,2.186
0,27.8,2.168
0,28.5,2.066
0,28.9,1.881
0,29.1,2.122
0,28.8,1.827
0,28.1,1.845
0.70106859,28.1,2.115
0,27.6,1.937
0,28,1.32
0,27.2,1.55
0,27.6,1.47
0,27.6,1.605
1.96838236,28.1,12.392
1.78224278,27.6,3.09741
8.40942521,27.9,13.477
1.31292585,27.1,9.456
1.49869169,26.8,3.883
0.94301868,28,8.03
0.78439685,28.2,14.838
1.80280727,28.1,11.135
2.47711433,27.7,9.068
1.49048008,27.5,6.271
0.40043098,28.1,7.039
3.65357976,28.2,6.7
0.68375088,27.8,6.766
3.14942919,27.3,5.137
1.99728001,27.6,6.005
2.41893214,28.3,6.57741
2.05205824,28.1,6.083
0.90829972,28.6,3.892
0.91211377,28.8,11.392
0.32181997,28.6,4.473
1.14955487,27.7,7.38041
0.35962646,28,5.984
0.04936424,27.9,4.90741
2.25754163,27.1,5.755
1.26829969,26.8,5.093
46.9245788,27.7,12.379
0.35940286,27.5,7.085
0.80519714,26.5,14.131
0.32034908,28.2,18.601
1.03343226,27.8,16.543
1.30416787,27.3,11.63541
2.75243097,27.5,9.742
0.04498095,28.7,18.922
0.00076235,28.1,16.365
0.02927197,27.6,18.366
2.49178357,28,24.102
0.25770933,27.2,25.097
4.46094227,27.6,29.33
0.29966098,27.6,38.408
0.80892386,28.1,40.986
0.49420509,27.6,39.547
0.57122291,27.9,57.39
5.06440782,27.1,38.635
3.06261498,26.8,59.119
0,26.8,27.07
2.01096729,27.3,57.545
1.10011976,27.6,27.534
0.50960815,28.1,17.022
1.7244804,28.6,37.208
0.55222345,28.8,75.359
2.58842756,28.6,41.494
0.37795764,27.7,19.01641
0.72874222,28,17.485
1.25413663,28,12.038
0.08269465,28.2,11.941
0.31589481,28.1,11.639
69.9894391,27.7,100.665
19.7718098,27.8,79.01
11.1811545,27.8,65.564
16.4832693,27.8,54.841
31.6737483,27.7,170.352
12.9052872,27.3,64.158
13.8783828,27.6,40.004
10.3663129,27.9,31.945
5.87780903,27.8,27.363
7.56541481,27.9,21.553
9.333771,27.8,69.346
6.73066786,27.6,138.147
19.9429572,27.3,141.819
3.6424005,27.3,71.001
1.31089865,27.9,80.647
0.38842857,27.9,59.351
1.24525422,27.8,43.272
9.33276219,27.5,41.408
2.2253809,26.3,32.855
0.90995417,27.9,28.829
17.8669817,27.9,27.803
22.3101211,26.8,34.139
25.8196078,27.4,74.969
28.6878552,27.4,75.076
24.8857772,27.9,107.346
7.4550505,27.9,70.433
1.8178763,27.8,36.79
8.57108927,27.9,28.646
7.76448052,27.8,68.761
4.62926393,27.8,48.833
6.96134373,26.7,63.92
36.0019745,27.5,97.335
25.2322042,27,81.12
24.2732668,26.5,40.786
16.3153771,26.5,27.803
17.3911164,27,59.021
13.3371745,26.5,70.879
1.00527227,28,111.628
13.3751956,26,115.173
7.02127407,26.5,60.043
2.6585932,27,63.903
5.16503943,27.5,145.711
17.3760244,26.5,151.528
4.1899642,27.5,98.886
3.30897528,27.5,164.453
0.6422985,26.5,99.309
1.01534325,26.5,60.577
10.6433323,27,46.459
0.13533783,27,85.541
0.24093448,26.5,58.389
4.34230944,27,42.906
9.01592346,26.5,38.833
4.74275606,26.5,43.115
20.2487777,27,52.331
6.85474453,27,52.301
13.6284378,27,69.949
4.05047838,27,35.33
6.26741797,27,35.733
3.64392546,27,32.325
2.14806198,27,94.789
8.90721704,26.5,76.81
6.5406372,26.5,49.004
2.43476559,26.5,61.703
8.68050662,26.5,140.337
1.8491447,27,326.486
9.69328497,26.5,136.997
0,27,110.964
0,27,76.684
0.00208443,27.5,46.507
3.27035747,27.5,72.841
2.42485258,27,77.669
8.79471674,27,59.988
11.7209366,27.5,242.162
12.3671084,27.5,124.237
5.30688542,27.5,101.662
0.84623463,28.5,75.085
8.43978817,27.5,61.881
5.61705282,27,85.061
1.03112975,27.5,72.066
0.24184066,27,74.824
4.17833549,27,159.102
3.06578875,27.5,91.079
4.81174234,27.5,76.936
2.38673554,27,57.299
1.61112508,26.5,67.216
2.73991228,26.5,100.707
4.57006486,27.5,96.128
2.0466204,27.5,101.178
2.98889616,27,74.098
8.72722435,26.5,57.535
10.1792851,27.5,63.676
1.01321371,23.5,42.135
3.79519165,26,59.301
0.29125783,27,59.442
0.48234407,27,59.962
0.71265519,27,62.386
0.2707177,27.5,50.668
26.1978838,27,59.047
0.99801627,27,31.154
0,26.5,21.231
0.09196301,27,71.232
2.52909817,27,58.672
12.5255383,27,98.769
1.19350514,27,67.277
0,26.5,42.247
0.10465939,27,41.238
0,26,27.545
0,26.5,35.52
2.58766326,27,63.519
1.48159143,26.5,67.424
5.28129836,26.5,36.473
0.66464554,27,89.567
9.54822017,26,126.545
4.7008635,26.5,93.491
0,27,70.454
0.37814843,26.5,48.557
9.34040695,27,69.727
3.92349534,27,78.283
0.53415063,27.5,50.399
0,27,35.664
0,27,114.879
0,24,73.68
0,24.5,68.059
0,27,48.609
0,27,35.825
6.15407662,27,31.962
5.25456523,27,29.106
13.6100759,27,26.135
10.5323041,27,27.22
0,27,25.582
0.64995152,27.5,21.318
0.26018631,28,23.152
0.38756169,27.5,26.905
2.32931327,27.5,27.309
2.06601323,27.5,28.426
0.44304421,27.5,20.117
0.03832026,27.5,16.069
0.13133779,27.5,13.344
0.60127428,27.5,14.087
0.0021289,27.5,14.241
1.01891334,27.5,12.544
0,27.5,12.52
0,27,12.171
0,27,11.894
0.31899645,28,15.985
0.83953823,28,15.633
0.19810463,27,14.14
0,27,16.086
0.09725593,27,14.145
0.83696967,27,10.448
0,27,12.896
0.92998766,27,36.142
7.70662591,27,24.26
0,27,47.529
57.1495613,26.5,20.813
1.34728554,27.5,15.22181
0,27,15.835
0,27.5,16.112
11.1478797,27.5,15.674
0.09387866,27,12.54741
0,26.5,12.85681
2.82234111,26.5,12.46341
0,27.5,12.505
0,27.5,11.723
0,27.5,10.004
0,27,10.098
0,27,9.356
0,27.5,10.227
57.0918821,27,10.52
0.54348198,26.5,10.672
7.0344357,26.5,9.865
0,26,10.688
0,26,10.264
15.4643126,24,9.185
0,24.5,9.452
76.0148295,26.5,8.13
6.51161629,27,6.934
1.08696396,26,7.835
0,27,9.56
0,27,7.205
0,27,7.114
0,27,7.886
0.11049394,27.5,7.87
0,26.5,7.791
1.67277918,26,8.069
0,27.5,7.496
0.03359324,27,7.285
8.03235873,27.5,6.714
2.23037224,28,6.039
0,27.5,6.46
0,27,6.231
0,27,6.334
0,27,6.234
1.19267725,26.5,6.356
0,27,6.072
0,26,6.631
0,27,6.546
0,26.5,6.317
0,26.5,6.902
0,26.5,6.936
0,24,6.767
0,25,6.902
0,25,6.852
0.18476282,24,6.637
3.52077085,24.5,6.767
0,24.5,6.637
0,24,6.549
0.66084568,25,6.725
0,24,5.426
0,24,5.463
0,24.5,5.72
0,24.5,5.755
0,24,5.733
0,24,5.65
0,24,5.426
0,25,5.72
0,25.5,5.648
0,26,5.916
0,27,5.645
0.99906974,26.5,5.059
0.1173787,26.5,4.855
0,25.5,4.737
0,25,5.58
0,24.5,5.463
0,26,5.351
0,24,5.406
0,23.5,3.552
0,25.5,4.872
0,25.5,4.393
0,25.5,3.319
0,25.5,3.611
0,24.5,3.671
31.5111799,25,3.834
0,25,3.584
0,25,3.789
0,24,3.668
0,24.5,3.23
0,23.5,3.651
0,23.5,3.426
0,25,3.349
0,25,3.389
0,24.5,3.309
0,24.5,3.269
0,24,3.34
0,24,3.28
0,25,3.395
0,25.5,3.053
0,26,3.142
0,26,3.057
0,26,2.181
0,26,2.715
0,26,2.739
0,26,2.764
0,26,2.64
0,26,2.665
0,26,2.483
0,26,2.456
0,25,2.076
0,25,2.033
0,24.5,1.783
0,24.5,1.867
0,24.5,1.814
0,24.5,1.781
0,24.5,1.899
0,24.5,1.919
0,24.5,1.878
0,24.5,1.979
0,25.5,1.979
0,25.5,1.802
0,25.5,1.531
0,28,1.541
0,24.5,1.626
0,26,1.668
0,26,1.696
0,27.7,1.733
0,27.5,1.827
0,26.5,1.845
0,28.2,1.863
0,27.8,1.916
0,27.3,1.872
0,27.5,1.523
0,28.7,3.753
0,28.1,4.205
0,27.6,2.191
0,28,2.594
0,27.2,2.214
0,27.6,2.584
0,27.6,2.893
0,28.1,2.936
0,27.6,1.979
0,27.9,2.132
0,27.1,2.257
0.65248993,26.8,2.735
0.34138497,26.8,2.168
0,27.3,2.204
0.1173787,27.6,2.186
0,28.1,2.186
0,28.6,2.168
0,28.8,2.066
0,28.6,1.881
0,27.7,2.122
0,28,1.827
0,28,1.845
0.70106859,28.2,2.115
0,28.1,1.937
0,25,1.32
0,25,1.55
0,24,1.47
0,24,1.605
1.96838236,24,12.392
1.78224278,25,3.09741
8.40942521,25,13.477
1.31292585,28,9.456
1.49869169,4,3.883
0.94301868,18.5,8.03
0.78439685,27.5,14.838
1.80280727,28,11.135
2.47711433,28,9.068
1.49048008,28,6.271
0.40043098,28,7.039
3.65357976,25,6.7
0.68375088,25,6.766
3.14942919,25,5.137
1.99728001,25,6.005
2.41893214,25,6.57741
2.05205824,25,6.083
0.90829972,27,3.892
0.91211377,27,11.392
0.32181997,26.5,4.473
1.14955487,27,7.38041
0.35962646,27.5,5.984
0.04936424,27.5,4.90741
2.25754163,29.5,5.755
1.26829969,26.5,5.093
46.9245788,26.5,12.379
0.35940286,26,7.085
0.80519714,27,14.131
0.32034908,27,18.601
1.03343226,27,16.543
1.30416787,27,11.63541
2.75243097,26,9.742
0.04498095,26.5,18.922
0.00076235,26,16.365
0.02927197,26,18.366
2.49178357,26.5,24.102
0.25770933,25.5,25.097
4.46094227,30,29.33
0.29966098,30,38.408
0.80892386,25.5,40.986
0.49420509,25.5,39.547
0.57122291,26,57.39
5.06440782,25.5,38.635
3.06261498,25,59.119
0,25,27.07
2.01096729,25,57.545
1.10011976,27,27.534
0.50960815,26.5,17.022
1.7244804,26.5,37.208
0.55222345,26,75.359
2.58842756,24.5,41.494
0.37795764,25,19.01641
0.72874222,25,17.485
1.25413663,25.5,12.038
0.08269465,26,11.941
0.31589481,26,11.639
13.3022748,25.5,89.99565
32.3028731,25,55.7378
15.3861369,26,115.4564
21.2676769,26,241.9482
3.82558965,26,104.4304
11.2897779,26,61.67116
1.62304716,27,63.23516
0.45653256,27,38.64711
1.904944,27,83.23051
0,26,61.67116
0,27,197.3425
8.99588227,26,94.87434
14.3320332,27,309.0787
19.6593634,26,94.92234
10.1943503,26,64.65916
15.2040388,26,129.7561
10.6254346,26,79.18573
18.2563605,26,142.3221
12.0397414,26,105.8564
10.1509079,26,47.84287
2.04429418,27,84.08951
10.6542556,27,94.87434
14.6206543,26,457.0851
32.7559215,26,129.8141
14.1326538,26,155.5649
21.753544,26,94.85334
6.71058467,27,94.74734
9.985707,27,130.0881
9.16643825,27,117.6644
28.4546397,27,74.06147
16.6811502,27,250.8552
7.04645263,26,84.18651
9.76477551,26.5,79.07973
5.17976141,26.5,74.14247
5.22682543,26,212.1254
15.1998467,27,56.0988
3.90909993,26.5,74.32347
2.22745125,26,51.83561
9.77642475,26.5,183.1431
12.6973102,27,74.13947
4.41441278,27,117.5804
8.15734409,26.5,84.08951
18.7001745,26,94.87434
22.37724,26,457.0851
3.83319001,25.5,129.8141
10.4968708,26.5,155.5649
0.65667656,26,94.85334
4.57427127,26,94.74734
0.33148181,25.5,130.0881
6.33410322,25.5,117.6644
5.35341342,25.5,212.2664
4.31751247,26.5,106.2044
0.68232209,26.5,48.20587
5.74937315,26.5,74.13047
4.58134523,26,40.67611
13.4499014,26,204.6714
23.572425,26.5,44.24456
7.89568644,26.5,212.1554
21.3123812,26.5,74.13047
17.3388057,26.5,84.18651
15.0554271,26,79.07973
15.4121705,26,74.14247
1.84706574,26.5,142.3241
6.17312938,26.5,56.0988
3.64260445,26.5,48.07087
1.79544852,26.5,51.83561
4.43743847,26.5,48.03387
0,27,40.59611
1.85775079,27,47.82987
5.23663174,27,79.09873
7.69004831,26.5,105.9154
5.96366629,26.5,74.14247
2.94784011,26,117.5234
17.6121608,27,56.0988
10.5348086,26.5,56.1358
9.48289656,26.5,64.72816
8.62810603,26.5,48.03387
13.774713,25.5,74.15847
12.4936059,26,64.74116
27.7106491,27,90.86634
24.3687107,27,80.41951
8.71298629,26,191.2775
16.4004029,26.5,68.27747
9.92125678,26.5,149.7529
54.1108194,26.5,89.16934
2.65279957,26,70.34447
0,26,65.45029
7.80628577,26,80.18551
2.22761983,25.5,70.23847
14.6499997,27.5,65.45029
9.01613663,27.5,75.36473
19.2702731,27,223.538
40.0918599,27,151.7349
22.9789935,27,193.6985
8.76380386,26,90.86634
6.89980768,26,75.29573
1.92241479,26,70.62747
21.609063,25.5,179.1161
18.0525783,26,80.54451
7.07313294,26.5,44.26387
3.2853067,28,63.25647
8.61486247,26,80.42951
0.55754882,27,27.30687
0.15963154,26.5,44.01687
0.70663407,26.5,30.1888
0,26.5,30.0048
0,26.5,52.1678
16.2492059,26.5,70.25047
14.3624184,25.5,151.4679
10.002623,26,52.0628
2.4982007,26,63.25647
2.51707293,26,70.40147
6.73841945,26,288.3397
34.4862581,26,65.48129
6.19436097,26.5,90.79534
8.69739895,26.5,90.61134
14.5354621,26.5,56.09362
2.33744769,26.5,51.9778
8.42556177,27,70.20847
1.25497843,27,80.19351
2.46629339,27,33.66411
0.67302584,26.5,33.49011
7.35202395,26.5,110.7164
7.71676295,26,62.44729
1.46615081,26,43.95487
8.48160613,26.5,40.26856
0.19443767,26.5,30.4348
0.2088368,26.5,30.5718
1.17790572,26,27.85942
0,27,27.14042
0,27,27.5178
0,26.5,22.12668
0,26.5,21.80768
0,26,67.63447
0.26552164,26,27.4768
0,26,20.52239
0,25.5,19.03284
0,25.5,18.098
0,26.5,18.098
0,26.5,18.098
0,26.5,17.271
0,26.5,17.195
0,26,1.339
0,26.5,13.029
0,26.5,12.857
1.31074647,26.5,20.33068
2.14396769,26.5,17.27084
7.39063592,26.5,88.77434
21.2020611,26,124.2381
23.3694717,26,58.79716
6.19445493,26,16.323
4.40446689,26,28.3198
0.63488708,25.5,25.32842
0.18699097,25.5,19.74568
0,26.5,17.82868
3.0390385,26.5,20.44042
11.5439433,26,45.4228
13.2705741,26.5,45.2148
7.10725677,22.5,28.68111
0.20541272,25.5,20.68042
0.26552164,26,21.80068
1.75296948,25,21.77868
3.75856683,24.5,24.36042
9.95775916,24.5,21.70968
0.21832089,25.5,57.76116
0.75662427,25.5,29.58711
0.3218706,25,26.46488
0,25,20.61042
0,25,23.1988
0,25,18.00068
0,25.5,18.00068
6.61974663,26,87.69034
12.8334248,25.5,53.37762
0.17606805,25.5,29.0938
2.80948207,25.5,67.94947
5.11089603,25.5,27.7018
3.56750904,25.5,54.30062
13.3421534,26.5,68.17347
6.39114826,26,42.02387
0,26,22.79068
0,26.5,17.08784
2.76453361,26.5,16.126
12.9690601,25,16.33
1.4284697,25,14.122
3.15736676,25.5,14.261
0,25,12.333
0,25,12.431
0,25,12.431
1.70879472,25,12.294
2.40253106,25,12.085
11.0814094,25,14.431
8.53231182,25,17.62439
4.35304605,24.5,17.61539
3.50235088,24.5,17.48539
2.22877235,24.5,17.32339
6.7489109,25,14.75739
6.37241091,25,14.73039
6.90467257,25,14.53239
5.04121503,25,24.40239
3.52129151,25,12.971
0.97973202,25,12.971
3.98831549,25,10.32084
4.36598687,25,10.27284
3.7177571,25,9.427
1.35248347,24.5,9.306
0,24.5,9.342
0,24.5,9.222
2.06850413,24.5,9.306
0,24.5,9.222
0,24.5,8.337
0.71602066,24.5,9.306
0,24.5,9.306
0,24.5,8.28
0.23944731,19.5,6.486684
0.15963154,24.5,6.486684
0.27701024,20,6.486684
0.78845072,19.5,6.486684
1.30698347,19.5,6.486684
0,19.5,7.228
0,19.5,7.228
0,19.5,7.083
0,19.5,7.132
0,25,7.102
0.39907885,25,6.707
0,25,6.2
0,25,6.266
0,24.5,5.992
0.31926308,24.5,5.842
0.27342653,24.5,5.749
0,24.5,5.257
0,25,5.481
0,24.5,5.257
0,24.5,4.797
0,24.5,4.948
0,24.5,5.094
0,24.5,6.097
0,24.5,5.519
0,24.5,5.464
0,25.5,4.919
0,25.5,3.677
0,25.5,4.613
0,25.5,4.568
0,25.5,4.568
0,25.5,3.745
0,24.5,4.548
0,24.5,4.587
0,24.5,4.512
0,24.5,4.504
0,24.5,4.587
0,25,4.509
0,25,4.504
0,24.5,3.844
0,24.5,4.406
0,25,3.882
0,24.5,3.882
0,24.5,3.493
0,24.5,3.729
0,24.5,3.701
0,24.5,3.444
0,24.5,3.197
0,24.5,3.353
0,24.5,2.628
0,24.5,2.649
0,24.5,2.474
0,24.5,2.527
2.64879713,24.5,2.527
13.1519969,24.5,4.123
15.5686928,25,5.295
4.11496742,25,6.992
1.50262891,25,6.305
4.90100619,26,6.388
0.46378926,26,6.129
0,26.5,7.391
0.78845072,26.5,5.774
0,26.7,5.62
1.31009716,25.45,5.167
2.83531144,26.55,5.589
12.718056,27.6,68.17651
23.0435585,27.35,35.33087
5.71515522,27.15,42.8198
17.005521,26.85,21.6208
5.80040329,27.6,16.92968
1.85446085,27.6,10.443
17.4917454,27.6,14.01823
4.77214724,28.05,9.766
1.12170974,27.4,7.493
0,26.8,6.819
1.71309574,27.25,5.329
0.35753394,28.2,7.320836
2.30530021,27.35,7.281836
4.88232876,27.8,8.803389
2.40768678,27.4,7.493
0,26.8,6.471
0,27.45,5.299
0.41082545,27.35,5.035
4.14156828,27.6,98.5664
46.8804173,27.95,216.169
29.9908167,28.2,109.3474
39.8944691,28.3,86.02734
4.29667553,28.55,31.46811
2.62050993,28.3,20.12868
0,28.55,15.38539
0,28.4,11.60284
0,28.15,10.792
0,28.1,8.852
5.36300911,26.5,9.389
7.71282365,26.5,35.01887
16.4178703,26.5,35.06287
16.0871009,26.5,104.7174
16.092937,26.5,35.71287
6.49766735,26.5,28.54511
7.16262167,26.5,72.15351
3.17974948,26.5,62.09147
4.47751335,26.5,51.86316
2.3701136,26.5,82.84434
9.80308599,26.5,94.00343
12.415094,26.5,83.12334
28.925261,26.5,60.02547
2.11612512,26,50.82516
14.0340154,26,80.74634
16.7900422,26,91.90343
8.52283207,26,80.92634
6.40701239,26,70.22751
16.1593075,26,82.84434
6.95310597,26,50.95316
20.6049423,26,103.6034
39.2393424,26,116.6131
18.2415254,26,61.07447
12.2928252,26,199.1824
35.2403331,26,142.4349
35.2692746,26,145.8679
33.9829824,26,216.689
40.2268328,26,144.3879
16.6494483,26,96.30343
0.7553232,26,75.52351
3.47303031,27,46.8678
0.85958256,27,75.33651
14.1688497,27,40.02387
7.31415108,27,41.82287
5.84177453,27,149.2769
34.3407736,27,88.86634
4.97451394,27,41.64787
1.06576952,27,38.33656
8.55976291,27,149.3739
38.6612183,27,114.4894
21.0990352,27,129.6241
19.0065572,27,129.5521
33.9940794,27,129.6501
21.4628253,27,74.07547
13.0170542,27,94.57534
16.2551025,27,168.9169
30.5424689,27,183.0021
32.0686466,27,208.2844
22.4487999,27,125.6901
11.9393791,27,164.9709
17.3554251,27,164.9709
10.1854552,27,94.65134
2.26714228,27,94.57934
6.39286992,27,91.67834
6.01210533,27,105.7974
6.42339362,27,64.53016
17.0004417,27,64.61416
1.96233415,27,55.9578
21.1646426,27,73.94547
14.7582447,27,227.281
14.2347127,27,95.077
18.158856,25,106.963
9.04061748,26,95.033
7.19712817,26,100.967
11.1843233,26,118.868
33.2207411,26,230.745
23.3277869,27,159.185
37.4433278,27,106.325
3.00699189,27,89.524
0.90887525,26,932.41
19.3726526,27,106.12
6.85288517,26,94.737
15.1465668,27,150.774
24.1481845,26,95.913
6.80613881,26,113.374
27.5075763,26,132.015
19.8910398,26,184.275
37.8779889,26,133.947
33.4971785,26,267.956
22.8830269,26,151.645
17.2644859,27,158.335
19.8409097,27,160.512
26.2247883,26,234.801
29.4633198,26,140.518
25.8147305,26,256.182
26.6472593,26,115.308
28.1277187,27,190.63
11.3543272,27,140.297
3.70801546,27,115.066
12.1158835,27,89.835
14.8290929,27,64.604
31.6511079,26,436.197
38.0548904,26.5,152.876
9.20691959,26.5,101.909
10.0713433,26,161.239
9.83596324,27,113.674
0.89984265,26.5,90.893
2.16763553,26,114.693
10.6360185,26.5,161.988
10.260682,27,226.115
13.0186314,27,153.861
0.63679185,26.5,107.614
21.3128542,26,408.665
30.0355324,26,138.13
6.73827108,25.5,127.745
1.25048906,26.5,115.377
12.0249487,26,98.35
8.4568687,26,116.571
11.7871804,25.5,114.347
1.17458692,25.5,127.24
4.54314732,25.5,104.534
3.71266048,26.5,91.171
7.67086205,26.5,83.188
6.03119716,26.5,83.614
10.7400346,26,160.12
12.9850159,26,83.374
0,26.5,80.789
0,26.5,73.02
0,26.5,63.365
5.864262,26.5,63.477
5.73721883,26,66.124
6.04827583,26,68.496
4.29474803,26.5,63.647
26.5351527,26.5,54.97
2.57708711,26.5,58.242
2.62407826,26.5,57.107
3.86951914,26.5,53.222
0.47577471,27,63.261
0,27,63.789
2.63125381,27,85.842
4.8923644,26.5,61.927
7.91614656,26.5,98.298
26.1813495,26,149.658
0,27,59.014
0,26.5,73.317
3.39817845,26.5,73.574
0.3475172,26.5,100.148
3.92937732,25.5,137.224
0,26,59.265
0,27,47.364
0.01214377,27,78.176
19.8836014,26,74.664
0,26.5,43.078
8.28117238,26.5,61.527
2.76040749,26.5,46.784
0.56085487,26,43.27
0,26,33.312
0,26,33.174
11.0177695,25.5,35.161
2.28360521,27.5,97.045
1.65924908,27.5,47.121
1.77076532,27,68.565
34.469828,27,70.776
12.6407825,27,50.045
9.15834383,26,62.632
8.30261882,26,118.392
1.53435599,26,36.212
12.1309149,25.5,38.294
13.4074083,26,32.484
2.60516165,26.5,31.969
2.85028249,28,181.896
5.76285842,26,36.189
0.60596662,27,27.64
0,26.5,19.377
1.98894628,26.5,54.237
1.27895611,26.5,41.832
2.55951297,26.5,48.309
21.5353068,26.5,61.682
11.4875878,25.5,47.458
5.69834607,26,48.886
0.18965832,26,26.797
1.95621806,26,19.919
12.4599122,26,17.815
18.951489,26,14.905
5.25167709,26.5,14.905
7.23917629,26.5,15.024
2.87373902,26.5,21.447
0.66131652,26.5,16.36
0.36607345,27,14.945
0.2696396,27,14.402
0,27,14.907
0,26.5,14.41
1.97112679,26.5,14.389
0.1044184,26,13.241
0,26,13.727
0,26.5,13.855
0,26.5,14.234
0,26.5,13.45
0,26,12.322
2.08861911,27,13.395
1.91189196,27,12.85
0,26.5,12.579
0.04844407,26.5,12.55
0.54567365,26,12.317
1.97316208,26,12.704
1.6928519,26,13.203
2.02346335,25.5,12.532
1.99767137,25.5,13.112
0.707701,26.5,13.602
0,26.5,13.124
1.42970006,26.5,15.928
0.9562617,26.5,30.437
8.30503195,26,37.918
6.05964974,26.5,62.648
22.072033,26.5,58.329
9.68037155,26.5,44.333
0,26.5,43.29
0,26.5,30.042
0,26,23.662
0,26,19.046
0,26,17.279
0,26,14.905
0,25.5,14.473
0,25.5,14.252
11.16666,26.5,14.244
0,26.5,12.846
0,26,13.799
0,26.5,13.084
0.03793166,22.5,12.42
0,25.5,12.069
0,26,11.537
0,25,11.942
0,24.5,11.327
0,24.5,10.547
0,25.5,10.79
0,25.5,10.512
0,25,10.721
0,25,10.29
0,25,10.791
0,25,10.721
5.47520332,25.5,12.931
23.6634768,26,36.426
6.87853825,25.5,24.75
0.44779245,25.5,18.791
1.11509765,25.5,17.32
0,25.5,13.321
10.722497,25.5,13.635
1.93619368,26.5,13.001
0,26,12.502
0,26,12.015
0,26.5,11.531
0,26.5,10.932
0,25,10.162
0,25,9.825
0,25.5,8.398
0,25,8.309
0,25,8.226
0,25,8.807
0,25,8.142
0,25,7.981
0,25,7.944
0,25,7.917
1.23417819,24.5,7.867
0.03793166,24.5,7.765
1.18267607,24.5,7.662
0,25,7.558
0,25,7.345
0,25,7.396
0,25,7.557
0,25,6.88
0,25,6.927
1.12170974,25,6.412
0,25,6.537
0.22434195,25,6.536
0,24.5,6.217
0,24.5,6.496
0,24.5,6.753
0,24.5,5.935
0,24.5,5.396
0,24.5,5.44
0,24.5,5.349
0,24.5,6.23
0,24.5,5.744
0,19.5,5.743
0,24.5,5.119
0,20,5.023
0,19.5,4.925
0,19.5,5.166
0,19.5,5.023
0,19.5,4.972
0,19.5,5.023
0,19.5,5.023
0.1243074,25,5.58
0.1044184,25,5.697
0,25,5.692
0,25,5.933
0,24.5,6.049
0,24.5,5.29
0,24.5,4.377
0,24.5,5.575
0,25,5.61
0,24.5,5.077
0,24.5,5.209
0,24.5,5.274
0,24.5,5.143
0,24.5,4.48
0,24.5,4.392
0,24.5,4.446
0,25.5,4.317
0,25.5,3.416
0,25.5,3.881
0,25.5,3.977
0,25.5,4.073
0,25.5,3.977
0,24.5,3.929
0,24.5,3.825
0,24.5,3.271
0,24.5,3.494
0,24.5,3.13
0,25,3.224
0,25,2.892
0,24.5,2.957
0,24.5,2.94
0.11217097,25,2.989
0,24.5,2.825
0,24.5,2.757
0,24.5,2.688
0,24.5,2.652
0,24.5,2.723
0,24.5,2.79
0,24.5,2.757
0,24.5,4.071
16.5067049,24.5,6.009
0,24.5,3.587
0,24.5,3.981
3.02319835,24.5,6.14
1.22840158,24.5,5.88
0.22434195,25,3.622
0.89736779,25,3.826
0,25,2.769
0,26,2.743
0,26,2.82
0,26.5,2.743
0,26.5,2.637
0,26.7,2.563
0,25.45,2.272
0,26.55,2.246
0,27.6,2.297
0,27.35,2.219
0,27.15,2.166
0,26.85,2.138
0,27.6,2.137
0,27.6,2.11
0,27.6,1.766
0,28.05,1.812
0,27.4,1.544
0,26.8,1.454
0,27.25,1.49
0,28.2,1.313
0,27.35,1.435
0,27.8,1.454
0,27.4,1.313
0,26.8,1.376
0,27.45,1.355
0,27.35,1.416
0,27.6,1.334
0,27.95,1.375
0,28.2,1.335
0,28.3,1.27
0,28.55,1.248
0,28.3,1.203
0,28.55,1.247
0,28.4,1.156
0,28.15,1.203
0,28.1,0.418
2.33677678,26.5,3.051
4.92452174,26.5,2.518
5.18624224,26.5,11.21
13.9617954,26.5,12.489
14.9404491,26.5,9.857
8.02031621,26.5,8.41
12.4436668,26.5,46.293
11.6953821,26.5,31.689
13.0829228,26.5,23.229
7.50631389,26.5,13.546
2.81435719,26.5,19.234
26.2750828,26.5,54.352
11.4402994,26.5,20.447
3.88358645,26,18.436
3.19633826,26,10.017
3.15380287,26,5.72
0.22665084,26,5.463
1.34605169,26,4.699
0,26,4.246
0,26,3.916
2.9341347,26,5.251
5.95178337,26,5.127
3.31718801,26,5.999
10.458717,26,14.29
14.6186714,26,23.853
16.5100214,26,12.539
12.2818152,26,33.01
13.3673564,26,24.58
1.27076074,26,16.63
5.29623751,26,12.518
7.71530745,27,14.267
4.04526618,27,20.2
6.62180882,27,18.533
11.661037,27,49.163
17.0606275,27,46.353
1.33362472,27,22.632
0.43003326,27,21.383
0,27,13.481
2.85237424,27,10.071
1.81759174,27,14.779
0.5581873,27,11.981
3.88224889,27,10.546
1.57690143,27,52.74
14.4342735,27,65.076
21.6061798,27,51.798
0,27,28.208
1.05086345,27,20.836
0.30650199,27,22.409
0.72540768,27,18.297
8.79066717,27,42.736
11.5610353,27,30.744
71.6502656,27,27.402
13.5834325,27,73.391
24.4841663,27,42.346
2.74425514,27,32.978
2.57036715,27,24.09
1.29868495,27,22.345
0.53165969,27,19.414
0.17475537,27,20.465
0.41879163,27,21.674
11.0602099,27,104.5847
48.1282356,25,117.6593
24.2162122,26,104.5363
23.4389209,26,111.0637
21.7934759,26,130.7548
18.5852122,26,253.8195
19.3465934,27,175.1035
0.77751662,27,116.9575
1.26568428,27,98.4764
0.22892181,26,1025.651
18.0570172,27,116.732
26.1704949,26,104.2107
36.9044832,27,165.8514
44.03125,26,105.5043
43.4826312,26,124.7114
54.7769201,26,145.2165
35.9745557,26,202.7025
21.1104459,26,147.3417
3.0559531,26,294.7516
5.55828176,26,166.8095
19.5727143,27,174.1685
35.2317932,27,176.5632
21.3919078,26,258.2811
24.044878,26,154.5698
31.7091408,26,281.8002
50.712686,26,126.8388
22.056575,27,209.693
25.108909,27,154.3267
0.05769697,27,126.5726
3.82505526,27,98.8185
15.6872037,27,71.0644
9.02459572,26,479.8167
8.20057627,26.5,168.1636
3.82007112,26.5,112.0999
5.8534676,26,177.3629
1.78173216,27,125.0414
0.98262943,26.5,99.9823
4.25042801,26,126.1623
2.54146461,26.5,178.1868
6.48533931,27,248.7265
1.04304062,27,169.2471
4.78956764,26.5,118.3754
1.62789185,26,449.5315
13.8227853,26,151.943
11.6335729,25.5,140.5195
3.42538982,26.5,126.9147
14.8282377,26,108.185
8.77500458,26,128.2281
4.71972127,25.5,125.7817
0.27613604,25.5,139.964
2.90687854,25.5,114.9874
2.75848166,26.5,100.2881
9.38856653,26.5,91.5068
3.01082204,26.5,91.9754
9.43719083,26,176.132
5.33482152,26,91.7114
21.8561848,26.5,88.8679
3.74396428,26.5,80.322
5.58610048,26.5,69.7015
11.2564393,26.5,69.8247
5.88080725,26,72.7364
7.15551947,26,75.3456
3.34969917,26.5,70.0117
1.14691164,26.5,60.467
2.31942458,26.5,64.0662
0.9740171,26.5,62.8177
1.45846303,26.5,58.5442
0.26416662,27,69.5871
0.07092481,27,70.1679
2.71688857,27,94.4262
0.87138222,26.5,68.1197
0.97191653,26.5,108.1278
0.11659724,26,164.6238
2.90335447,27,64.9154
4.91643322,26.5,80.6487
3.38507803,26.5,80.9314
4.76977873,26.5,110.1628
7.30047074,25.5,150.9464
2.34423491,26,65.1915
3.00876131,27,52.1004
2.72984243,27,85.9936
2.98584175,26,82.1304
3.11201114,26.5,47.3858
1.48359129,26.5,67.6797
0.8846524,26.5,51.4624
1.87824741,26,47.597
0.04557925,26,36.6432
0,26,36.4914
0.24233378,25.5,38.6771
2.93276497,27.5,106.7495
19.5974321,27.5,51.8331
7.19918482,27,75.4215
6.60150768,27,77.8536
0.58968722,27,55.0495
0.28738533,26,68.8952
1.16836637,26,130.2312
0.21996087,26,39.8332
0,25.5,42.1234
0.67964623,26,35.7324
0.02060143,26.5,35.1659
1.78498112,28,200.0856
1.38626742,26,39.8079
0.4629109,27,30.404
0.96311789,26.5,21.3147
0.82250109,26.5,59.6607
0.93517945,26.5,46.0152
0.02552956,26.5,53.1399
0.21335731,26.5,67.8502
0,25.5,52.2038
0,26,53.7746
0.17373463,26,29.4767
0.07326073,26,21.9109
0.24532947,26,19.5965
0.03167803,26,16.3955
0.02786475,26.5,16.3955
0.05289787,26.5,16.5264
0.25410165,26.5,23.5917
2.68456668,26.5,17.996
1.70895058,27,16.4395
0.01960099,27,15.8422
8.25567039,27,16.3977
5.05822674,26.5,15.851
5.02935784,26.5,15.8279
0,26,14.5651
1.35248347,26,15.0997
29.2009921,26.5,15.2405
34.322619,26.5,15.6574
11.6555746,26.5,14.795
0.03474978,26,13.5542
0,27,14.7345
0,27,14.135
0.42474267,26.5,13.8369
0.84948533,26.5,13.805
0,26,13.5487
0.00517755,26,13.9744
0,26,14.5233
0,25.5,13.7852
0,25.5,14.4232
0,26.5,14.9622
0,26.5,14.4364
0.10424933,26.5,17.5208
0,26.5,33.4807
1.50505867,26,41.7098
0,26.5,68.9128
0.43621349,26.5,64.1619
0,26.5,48.7663
0.33833267,26.5,47.619
0.20067449,26.5,33.0462
1.54911593,26,26.0282
0,26,20.9506
0,26,19.0069
0,26,16.3955
0,25.5,15.9203
0.11217097,25.5,15.6772
0,26.5,15.6684
0,26.5,14.1306
0.78519682,26,15.1789
0,26.5,14.3924
0,22.5,13.662
0,25.5,13.2759
0,26,12.6907
0,25,13.1362
0,24.5,12.4597
0,24.5,11.6017
0.06961227,25.5,11.869
1.25136879,25.5,11.5632
2.30223344,25,11.7931
0,25,11.319
0,25,11.8701
0,25,11.7931
0,25.5,14.2241
0,26,40.0686
0,25.5,27.225
0,25.5,20.6701
0,25.5,19.052
0,25.5,14.6531
0,25.5,14.9985
0,26.5,14.3011
0,26,13.7522
0,26,13.2165
0,26.5,12.6841
0,26.5,12.0252
0,25,11.1782
0,25,10.8075
2.94608438,25.5,9.2378
5.47650698,25,9.1399
0.06961227,25,9.0486
0,25,9.6877
0,25,8.9562
0,25,8.7791
0,25,8.7384
0,25,8.7087
0,24.5,8.6537
0,24.5,8.5415
0,24.5,8.4282
0,25,8.3138
0,25,8.0795
0,25,8.1356
0,25,8.3127
0,25,7.568
0,25,7.6197
0,25,7.0532
0,25,7.1907
0,25,7.1896
0,24.5,6.8387
0,24.5,7.1456
0,24.5,7.4283
0,24.5,6.5285
0,24.5,5.9356
0,24.5,5.984
0,24.5,5.8839
0,24.5,6.853
0,24.5,6.3184
0,19.5,6.3173
0,24.5,5.6309
0,20,5.5253
0,19.5,5.4175
0,19.5,5.6826
0,19.5,5.5253
0,19.5,5.4692
0,19.5,5.5253
0,19.5,5.5253
0,25,6.138
0,25,6.2667
0,25,6.2612
0,25,6.5263
0,24.5,6.6539
0,24.5,5.819
0,24.5,4.8147
0,24.5,6.1325
0,25,6.171
0,24.5,5.5847
0,24.5,5.7299
0,24.5,5.8014
0,24.5,5.6573
0,24.5,4.928
0,24.5,4.8312
0,24.5,4.8906
0,25.5,4.7487
0,25.5,3.7576
0,25.5,4.2691
0,25.5,4.3747
0,25.5,4.4803
0,25.5,4.3747
0,24.5,4.3219
0,24.5,4.2075
0,24.5,3.5981
0,24.5,3.8434
0,24.5,3.443
0,25,3.5464
0,25,3.1812
0,24.5,3.2527
0,24.5,3.234
0,25,3.2879
1.43204132,24.5,3.1075
0.41831066,24.5,3.0327
0,24.5,2.9568
0,24.5,2.9172
0,24.5,2.9953
0,24.5,3.069
0,24.5,3.0327
0,24.5,4.4781
0,24.5,6.6099
0,24.5,3.9457
0,24.5,4.3791
0.49723657,24.5,6.754
0.0665789,24.5,6.468
0,25,3.9842
0,25,4.2086
0.16644725,25,3.0459
0,26,3.0173
0,26,3.102
0.00318711,26.5,3.0173
0,26.5,2.9007
0,26.7,2.8193
0,25.45,2.4992
0,26.55,2.4706
0,27.6,2.5267
0,27.35,2.4409
0,27.15,2.3826
0,26.85,2.3518
0,27.6,2.3507
0,27.6,2.321
0,27.6,1.9426
1.43204132,28.05,1.9932
0.4486839,27.4,1.6984
0,26.8,1.5994
0,27.25,1.639
0,28.2,1.4443
0,27.35,1.5785
0,27.8,1.5994
0,27.4,1.4443
0,26.8,1.5136
0,27.45,1.4905
0,27.35,1.5576
0.71602066,27.6,1.4674
0,27.95,1.5125
0,28.2,1.4685
1.23388071,28.3,1.397
0,28.55,1.3728
0,28.3,1.3233
0.57527613,28.55,1.3717
0,28.4,1.2716
0,28.15,1.3233
0.89736779,28.1,0.4598
1.94558789,26.5,3.3561
10.0079951,26.5,2.7698
0.22820935,26.5,12.331
0,26.5,13.7379
0,26.5,10.8427
0,26.5,9.251
0.15853148,26.5,50.9223
0,26.5,34.8579
0,26.5,25.5519
0.10011684,26.5,14.9006
1.13810884,26.5,21.1574
0.01619154,26.5,59.7872
0.01619154,26.5,22.4917
0.28366439,26,20.2796
0,26,11.0187
0,26,6.292
0.120386,26,6.0093
0.06624996,26,5.1689
0,26,4.6706
0,26,4.3076
0,26,5.7761
2.57261767,26,5.6397
1.27502068,26,6.5989
0.67904472,26,15.719
0.07508763,26,26.2383
0.13030061,26,13.7929
3.08940591,26,36.311
0,26,27.038
3.79283468,26,18.293
13.3721686,26,13.7698
3.62111591,27,15.6937
0.04435116,27,22.22
0.54391617,27,20.3863
1.0308036,27,54.0793
0.04558308,27,50.9883
2.3291378,27,24.8952
0.05041803,27,23.5213
5.13491788,27,14.8291
2.59059903,27,11.0781
0.1498185,27,16.2569
0.39552817,27,13.1791
1.20966277,27,11.6006
0.44307799,27,58.014
1.93930893,27,71.5836
1.46544487,27,56.9778
1.02388247,27,31.0288
0.64921393,27,22.9196
3.61246207,27,24.6499
0.68253394,27,20.1267
2.72153509,27,47.0096
0.65060485,27,33.8184
2.06035379,27,30.1422
0.16922517,27,80.7301
1.15292651,27,46.5806
1.77318516,27,36.2758
3.86976828,27,26.499
2.13910917,27,24.5795
1.56073427,27,21.3554
3.30363571,27,22.5115
2.41453067,27,23.8414
38.3838952,27,51.89347
16.006642,30.4,72.52334
29.3881862,30.4,56.83373
3.56734968,30.4,11.9168
9.9608172,30.4,72.52334
8.44215388,30.4,25.64087
16.0478851,30.4,72.52334
18.3280442,30.4,33.7058
7.8538327,30.4,15.01688
1.65725518,30.4,11.9168
1.28968667,30.4,2.293389
0,30.4,19.019
0,30.4,16.618
0.35663118,30.4,13.324
0.26995506,30.4,10.827
0,30.4,9.684
0,30.4,9.084
0,30.4,7.967
0,30.4,7.967
0.07955785,30.4,8.152
11.2888122,30.4,83.66943
30.7562973,30.4,6.486684
4.25474804,30.4,6.486684
0.49687538,30.4,21.463
1.26666889,30.4,2.293389
10.1020175,30.4,95.3344
32.5317178,30.4,6.486684
8.38580923,30.4,25.64087
13.691642,30.4,83.66943
21.7605574,30.4,72.52334
11.4600495,30.4,51.89347
15.5003332,30.4,95.3344
19.4851116,30.5,72.52334
22.1857663,30.5,61.92151
0.0470194,30.5,6.486684
0,30.5,2.293389
5.49310259,30.5,175.1405
25.5613099,30.5,72.52334
11.8431634,30.5,11.9168
10.5597568,30.5,61.92151
7.16240385,30.5,25.64087
14.4806075,30.5,72.52334
10.1904961,30.5,33.7058
0.53344989,30.5,51.89347
9.07963699,30.5,25.64087
17.7198394,30.5,120.1351
24.8606862,30.5,72.52334
4.67438035,30.5,51.89347
6.43384378,30.5,29.58161
16.2639032,30.5,33.7058
0.95602411,30.5,51.89347
27.3754378,30.5,18.34711
42.7034644,30.5,810.8355
6.47957858,30.5,133.2339
1.32760821,30.5,72.52334
16.9067635,30.5,61.92151
11.0910185,30.5,72.52334
18.3280869,30.5,51.89347
2.4624311,30.5,107.4961
30.20593,30.5,95.3344
19.2521229,30.5,146.7769
5.19617942,28.4,107.4961
2.44882603,28.4,51.89347
9.48043995,28.4,95.3344
8.8935172,28.4,146.7769
10.2547911,28.4,133.2339
24.0226178,28.4,175.1405
12.3149828,28.4,236.6529
7.49832473,28.4,95.3344
6.02426583,28.4,83.66943
1.24100295,28.4,72.52334
14.8948534,28.4,95.3344
30.0284248,28.4,61.92151
1.32523994,28.4,72.52334
7.98912281,28.4,95.3344
23.7543246,28.4,83.66943
11.4926703,28.4,51.89347
6.32100914,28.4,33.7058
1.00937785,28.4,25.64087
5.11509152,28.4,51.89347
6.72576489,28.4,83.66943
7.12455212,28.4,120.1351
2.42006405,28.4,25.64087
0.23392749,28.4,47.10529
0.71943956,28.4,33.7058
0.23392749,28.4,51.89347
3.32850826,28.4,25.64087
5.35916835,28.4,51.89347
3.2080384,28.4,33.7058
0,28.4,47.10529
14.3126834,28.4,72.52334
10.7852056,28.4,83.66943
15.2903244,30.6,146.7769
27.2449701,30.6,220.7022
26.8067006,30.6,95.3344
24.8734824,30.6,269.6464
34.2594075,30.6,205.127
17.5706793,30.6,146.7769
10.536597,30.6,83.66943
11.343122,30.6,42.47416
0.63697865,30.6,51.89347
0.49083514,30.6,25.64087
0.45290347,30.6,25.64087
0.92089888,30.6,18.34711
0.52446087,30.6,61.92151
14.0144682,30.6,120.1351
20.7602683,30.6,72.52334
9.79313449,30.6,83.66943
16.2816888,30.6,51.89347
3.22328751,30.6,42.47416
0.1693592,30.6,33.7058
3.57641978,30.6,25.64087
1.70360662,30.6,21.89256
0,30.6,18.34711
2.95669019,30.6,11.9168
0.39778926,30.6,6.486684
5.33037603,30.6,11.9168
5.1459437,30.6,72.52334
0.63012588,30.6,25.64087
1.55739952,30.6,18.34711
0.47734711,30.6,6.486684
0,30.6,11.9168
0.55871039,29.6,6.486684
0,29.6,4.213225
2.88191797,29.6,42.47416
6.08068915,29.6,15.01688
0.3182314,29.6,2.293389
22.0325246,29.6,72.52334
5.47206356,29.6,51.89347
6.6492196,29.6,18.34711
13.5648363,29.6,25.64087
4.47873588,29.6,18.34711
0.68078958,29.6,11.9168
0,29.6,6.486684
0.84676701,29.6,6.486684
1.16673096,29.6,2.293389
3.51798773,29.6,20.345
7.09356893,29.6,21.463
8.62662358,29.6,25.64087
4.01421519,29.6,11.9168
7.85439158,29.6,61.92151
1.73831296,29.6,15.01688
6.54999232,29.6,72.52334
0,29.6,18.34711
0,29.6,19.592
4.9447274,29.6,120.1351
34.6197079,29.6,51.89347
10.6980626,29.6,133.2339
24.8906656,29.6,51.89347
0.40225286,29.6,25.64087
41.1069493,29.6,11.9168
5.44400207,29.6,42.47416
1.65276476,29.6,25.64087
7.40708131,27.9,11.9168
0,27.9,0.810836
0,27.9,0.810836
0,27.9,0.810836
0,27.9,0.810836
0,27.9,20.464
0,27.9,20.11
0,27.9,20.313
0,27.9,13.108
0,27.9,13.748
0,27.9,13.596
0,27.9,11.9168
10.556161,27.9,18.054
0,27.9,11.926
0.74010039,27.9,10.821
1.28922093,27.9,10.821
0.06961227,27.9,10.454
0,27.9,9.507
0,27.9,10.413
1.03209365,27.9,10.978
0,27.9,10.761
0,27.9,9.292
0,27.9,8.331
0,27.9,8.331
0,27.9,7.451
0,27.9,7.009
0,27.9,6.509
0,27.9,6.718
1.86070211,27.9,6.718
0,27.9,6.718
0.66296363,29.6,6.282
0,29.6,6.163
0,29.6,6.679
3.58503454,29.6,6.976
0.40593776,29.6,7.535
0.00090832,29.6,7.125
0,29.6,6.501
0,29.6,6.817
0,29.6,7.412
0,29.6,7.499
0.24364293,29.6,7.583
0,29.6,7.667
3.35569256,29.6,7.913
2.93895056,29.6,8.842
1.65276476,29.6,6.38
0.15963154,29.6,6.927
0.2635341,29.6,6.604
0.6873132,29.6,7.626
0,29.6,7.927
0,29.6,7.626
0.0022708,29.6,7.722
0,29.6,6.802
0,29.6,5.792
0,29.6,6.566
0,29.6,6.444
0,29.6,6.319
0,29.6,5.994
0,29.6,6.062
0,29.6,6.126
0,29.6,6.192
0,29.6,6.126
0,24.2,5.86
0,24.2,5.931
0,24.2,5.999
0,24.2,5.861
0,24.2,5.721
0,24.2,4.871
0,24.2,4.522
1.82357285,24.2,4.044
4.06132526,24.2,25.64087
4.74812226,24.2,9.329
3.39128469,24.2,10.219
4.75294518,24.2,72.52334
15.4026512,24.2,20.612
1.38895998,24.2,19.163
0.58395455,24.2,10.963
0.23944731,24.2,9.389
0,24.2,8.559
0,24.2,8.364
0,24.2,7.068
0,24.2,6.581
0,24.2,5.426
0,24.2,5.327
0,24.2,4.954
0,24.2,5.195
0,24.2,4.953
0,24.2,5.035
0.05461841,24.2,5.426
0,24.2,5.273
0,24.2,4.431
0,24.2,4.612
1.27083971,24.2,4.699
0.83246954,25.6,6.067
0.2668356,25.6,6.331
0,25.6,5.792
0,25.6,4.954
0.35636519,25.6,4.785
0.71602066,25.6,4.144
0.80770333,25.6,5.791
0,25.6,4.431
0,25.6,4.243
0,25.6,4.145
0.24222035,25.6,4.337
0,25.6,4.431
0,25.6,5.116
0,25.6,4.954
0,25.6,4.786
1.14305616,25.6,5.035
0.06961227,25.6,5.195
0,25.6,4.871
2.00746289,25.6,5.351
3.13143444,25.6,4.145
1.05484687,25.6,4.941
0,25.6,4.069
0.0444726,25.6,4.126
0,25.6,4.431
0,25.6,4.337
0,25.6,3.129
0,25.6,3.929
0,25.6,3.882
0.11217097,25.6,4.467
3.14001791,25.6,4.383
4.78290242,26.7,6.541
0.32084223,26.7,3.525
1.04480986,26.7,4.251
0.13922453,26.7,3.243
0,26.7,3.503
0.8451497,26.7,3.452
0.05973639,26.7,4.059
0,26.7,3.504
2.0674628,26.7,4.145
10.6792254,26.7,4.187
0,26.7,3.768
0,26.7,3.499
3.97081732,26.7,6.259
4.85164272,26.7,25.64087
0,26.7,5.788
6.31794812,26.7,11.9168
3.82126232,26.7,18.34711
7.00803851,26.7,9.065417
6.05257972,26.7,8.609
27.2573755,26.7,18.34711
8.4917036,26.7,6.486684
6.77598028,26.7,6.486684
1.9002166,26.7,9.024
7.48464349,26.7,8.178
14.0102444,26.7,9.065417
17.8285477,26.7,11.9168
8.95988747,26.7,6.486684
22.5405024,26.7,11.9168
12.1271678,26.7,18.34711
21.0132624,26.7,42.47416
10.6039876,26.7,51.89347
7.56843089,28,15.01688
6.17093261,28,51.89347
8.52406186,28,11.9168
2.85263801,28,6.486684
3.39911844,28,2.293389
3.15380287,28,2.293389
0.18002168,28,0.810836
0,28,0.810836
9.4118072,28,6.486684
1.40486671,28,2.293389
0.41730044,28,0.810836
8.86929719,28,6.486684
9.27346666,28,11.9168
17.2122931,28,11.9168
0,28,6.486684
23.5798818,28,25.64087
0,28,6.486684
14.5505466,28,6.486684
8.5850732,28,6.486684
23.7172518,28,42.47416
29.1144804,28,18.34711
17.213799,28,11.9168
30.9637856,28,42.47416
37.2571951,28,72.52334
23.8239514,28,72.52334
14.2375841,28,61.92151
18.9816267,28,51.89347
11.2174629,28,61.92151
10.9344378,28,61.92151
2.02981614,28,42.47416
3.54679928,27.4,18.34711
3.45330272,27.4,107.4961
32.7258369,27.4,51.89347
4.45475726,27.4,33.7058
1.94575162,27.4,25.64087
0.5538569,27.4,11.9168
0.94808226,27.4,9.065417
2.7029804,27.4,9.065417
1.00001503,27.4,42.47416
31.4495391,27.4,220.7022
42.8999707,27.4,120.1351
13.2613013,27.4,51.89347
34.7807861,27.4,175.1405
18.9569608,27.4,61.92151
1.52524145,27.4,4.213225
2.38816002,27.4,29.58161
2.6161406,27.4,21.89256
1.30533029,27.4,18.34711
0,27.4,11.9168
0,27.4,6.486684
0,27.4,4.213225
8.08161984,27.4,21.186
11.9039987,27.4,6.486684
9.79629609,27.4,6.486684
5.99892341,27.4,2.293389
5.23457946,27.4,18.34711
3.7861365,27.4,6.486684
37.2297334,27.4,61.92151
16.8405298,27.4,83.66943