Tanggal,Curah Hujan,Suhu,Debit
03/01/2014,72.45573,27.6,164.4812
04/01/2014,23.48237,27.4,69.907
05/01/2014,8.650708,27.3,91.315
06/01/2014,9.708697,25.7,62.47055
07/01/2014,35.02784,27.5,103.8898
08/01/2014,25.03438,27,99.291
09/01/2014,8.947105,28.4,70.968
10/01/2014,11.01912,28,92.705
11/01/2014,14.96059,26.8,66.401
12/01/2014,17.22419,28,65.52132
13/01/2014,12.92346,27.5,82.824
14/01/2014,6.539405,27.5,89.866
15/01/2014,24.53539,27.4,93.628
16/01/2014,6.21055,28.6,65.595
17/01/2014,3.970169,27.3,38.462
18/01/2014,1.986188,26.9,27.773
19/01/2014,2.563358,27.7,24.466
20/01/2014,7.243822,27.4,46.442
21/01/2014,5.881969,26.8,37.814
22/01/2014,3.715562,27.3,29.081
23/01/2014,11.1683,27,36.968
24/01/2014,11.7057,27.3,128.258
25/01/2014,42.91322,28.1,119.0204
26/01/2014,27.28208,28.5,100.205
27/01/2014,31.93961,27.2,107.8857
28/01/2014,7.84185,27.4,75.56678
29/01/2014,3.26101,27.9,68.556
30/01/2014,7.954131,28.5,52.356
31/01/2014,7.322421,27.6,52.344
01/02/2014,13.34605,28.4,56.9184
02/02/2014,19.79829,28.2,92.273
03/02/2014,35.2064,28.1,103.741
04/02/2014,9.672168,27.6,83.445
05/02/2014,16.07396,28,73.71309
06/02/2014,16.42982,27.3,104.113
07/02/2014,9.95382,28.9,120.403
08/02/2014,13.61432,29.1,64.07735
09/02/2014,15.99866,28.9,85.133
10/02/2014,13.07638,29.3,82.447
11/02/2014,9.757822,28.3,69.683
12/02/2014,10.43872,28.3,59.91
13/02/2014,3.332232,28.3,66.938
14/02/2014,20.41805,28.7,66.704
15/02/2014,3.05015,28.1,44.88
16/02/2014,3.539264,28.7,36.104
17/02/2014,3.171335,27.6,33.019
18/02/2014,3.571368,28.3,37.684
19/02/2014,9.747149,27.6,32.609
20/02/2014,2.88683,27.6,29.693
21/02/2014,0.058689,28.1,60.598
22/02/2014,16.90772,28,42.676
23/02/2014,8.655035,25.9,116.438
24/02/2014,18.94993,27,74.845
25/02/2014,22.7505,27.8,107.463
26/02/2014,6.937815,27.6,76.67
27/02/2014,5.834098,27.4,51.869
28/02/2014,1.931675,28.7,73.025
01/03/2014,6.037364,28.3,76.496
02/03/2014,9.29451,28,56.76
03/03/2014,0,27.8,39.812
04/03/2014,3.004523,27.6,32.507
05/03/2014,0.528204,28.1,53.609
06/03/2014,2.949958,27.6,62.642
07/03/2014,4.677413,28.4,41.592
08/03/2014,0.110494,27.4,45.121
09/03/2014,5.363009,27.9,39.617
10/03/2014,0,27.5,28.771
11/03/2014,0,27.6,25.483
12/03/2014,0.069612,27.9,21.912
13/03/2014,9.922021,27.3,24.922
14/03/2014,0.628119,28,24.607
15/03/2014,7.714183,27.3,127.911
16/03/2014,17.70676,28,82.477
17/03/2014,8.287752,27.2,96.149
18/03/2014,8.93614,27.6,53.52565
19/03/2014,4.862618,27.3,110.105
20/03/2014,16.74979,28.1,73.32
21/03/2014,9.415177,27.5,70.609
22/03/2014,3.31227,27.1,48.057
23/03/2014,1.53942,28.3,42.213
24/03/2014,2.125859,27.6,42.529
25/03/2014,5.342764,28.3,60.896
26/03/2014,8.575,28,37.416
27/03/2014,1.432041,27.6,36.447
28/03/2014,1.285986,27.9,25.714
29/03/2014,8.681258,27.7,23.077
30/03/2014,11.98703,23.3,41.245
31/03/2014,4.497701,28,46.987
01/04/2014,4.154257,28.4,41.552
02/04/2014,7.025043,28.8,30.932
03/04/2014,10.49752,28.7,41.456
04/04/2014,12.49663,27.9,93.237
05/04/2014,21.42438,27.4,52.21
06/04/2014,3.603105,28.8,35.693
07/04/2014,6.613776,29.1,29.66
08/04/2014,3.033772,29.5,35.792
09/04/2014,3.589471,29,25.996
10/04/2014,21.28443,28.5,100.266
11/04/2014,14.8712,27.9,81.278
12/04/2014,0,28.4,45.951
13/04/2014,1.803449,28.1,42.176
14/04/2014,11.77209,26.8,69.63232
15/04/2014,39.34473,26.7,111.992
16/04/2014,2.898591,28.6,58.125
17/04/2014,0,29.8,42.827
18/04/2014,0.431832,28.1,35.078
19/04/2014,0,27.9,28.608
20/04/2014,2.148062,28.6,56.854
21/04/2014,20.02559,27.2,49.435
22/04/2014,20.10718,28.1,42.721
23/04/2014,7.916397,28.3,92.257
24/04/2014,4.446524,28.1,118.402
25/04/2014,15.68548,28.3,75.922
26/04/2014,6.203629,28.2,43.945
27/04/2014,0,27.6,80.345
28/04/2014,2.833912,27.1,87.677
29/04/2014,17.5532,27.7,74.41958
30/04/2014,27.55252,26.9,71.561
01/05/2014,1.150552,27.9,43.101
02/05/2014,0,28.3,31.933
03/05/2014,0,22.8,30.734
04/05/2014,1.750273,22.9,33.385
05/05/2014,0,23.9,27.267
06/05/2014,0,23.5,25.299
07/05/2014,0,24.4,21.404
08/05/2014,3.795488,26.7,20.09
09/05/2014,4.646305,25,41.818
10/05/2014,13.48758,23.1,32.767
11/05/2014,11.24341,23.5,26.806
12/05/2014,0,27.3,20.815
13/05/2014,2.661802,24.3,25.968
14/05/2014,4.460259,21.9,31.314
15/05/2014,0.858838,24.1,58.807
16/05/2014,4.243555,23.6,37.451
17/05/2014,3.231284,25.1,36.038
18/05/2014,1.570394,27.2,23.034
19/05/2014,0.941361,26.3,20.776
20/05/2014,2.209879,27.5,31.881
21/05/2014,2.131249,27.8,22.197
22/05/2014,0.052298,26.7,17.83581
23/05/2014,1.360341,26.8,30.248
24/05/2014,0,26.6,24.629
25/05/2014,0.795579,26.1,20.649
26/05/2014,0,27.3,18.47281
27/05/2014,0.606907,27.7,17.818
28/05/2014,5.323564,27,27.034
29/05/2014,0.636718,26.7,21.483
30/05/2014,1.511599,27.2,27.055
31/05/2014,0.427999,25.1,24.778
01/06/2014,1.097837,25.3,22.773
02/06/2014,0,25,18.709
03/06/2014,0.929988,27.3,15.498
04/06/2014,1.056465,27,20.936
05/06/2014,0,27.6,31.9
06/06/2014,4.652582,26.5,17.75
07/06/2014,0.892869,26.8,16.32141
08/06/2014,0,26.7,16.479
09/06/2014,0,27.2,16.295
10/06/2014,0.893835,27.8,13.51
11/06/2014,0.220988,26.7,13.91
12/06/2014,0,26.7,13.425
13/06/2014,1.682565,27.7,11.961
14/06/2014,0,27,11.699
15/06/2014,0,27,13.334
16/06/2014,0,27.2,12.129
17/06/2014,0,26.1,10.459
18/06/2014,0,27,9.984
19/06/2014,0,27.3,11.417
20/06/2014,5.821658,27,13.611
21/06/2014,0.117379,27,12.77541
22/06/2014,6.863758,26,13.055
23/06/2014,0,25.6,12.527
24/06/2014,0,27.5,12.18041
25/06/2014,2.784438,26.4,13.186
26/06/2014,0,26.5,26.079
27/06/2014,32.53537,26.6,20.167
28/06/2014,4.693779,26.1,19.66
29/06/2014,0.234757,25.7,15.762
30/06/2014,0,26.3,13.47141
01/07/2014,0,25.4,13.214
02/07/2014,0,25.5,13.45
03/07/2014,0,25.7,12.648
04/07/2014,0.110494,23.4,14.241
05/07/2014,0,26.6,13.533
06/07/2014,0.088034,27,13.186
07/07/2014,0,26.9,12.188
08/07/2014,0.224342,27,11.84
09/07/2014,2.322063,26.2,12.928
10/07/2014,0.117379,26.5,13.619
11/07/2014,0,27.1,12.28
12/07/2014,0,27.5,12.085
13/07/2014,0,28.1,10.873
14/07/2014,0,27.6,10.213
15/07/2014,5.065722,26,14.537
16/07/2014,0,26.9,14.841
17/07/2014,0,28.3,13.845
18/07/2014,0,27.1,13.55
19/07/2014,0,27.7,12.789
20/07/2014,0,27.7,11.695
21/07/2014,0,26.8,11.292
22/07/2014,0,28.2,10.658
23/07/2014,0,27.4,12.689
24/07/2014,0,27.6,10.526
25/07/2014,1.233881,27.8,11.503
26/07/2014,4.552485,27.8,12.497
27/07/2014,0,27.8,12.614
28/07/2014,0,28.5,11.868
29/07/2014,0.972925,28.9,10.906
30/07/2014,0,29.1,10.594
31/07/2014,0,28.8,10.346
01/08/2014,0,28.1,9.976
02/08/2014,0,28.1,9.69
03/08/2014,0,24.9,7.904
04/08/2014,0,24.5,8.853
05/08/2014,0,25.5,8.186
06/08/2014,0,25.4,7.904
07/08/2014,0,26.2,8.42
08/08/2014,0,27.8,6.872
09/08/2014,0,25.8,7.251
10/08/2014,0.99907,24.9,8.526
11/08/2014,0.117379,25.7,6.983
12/08/2014,0,29.5,7.134
13/08/2014,0,26.2,7.365
14/08/2014,0,23.5,7.182
15/08/2014,0,26,7.262
16/08/2014,0,25.3,6.37
17/08/2014,0,26.6,6.231
18/08/2014,0,27.3,5.614
19/08/2014,0,26.5,6.052
20/08/2014,0,25.9,5.862
21/08/2014,0,26,5.504
22/08/2014,0,25,5.435
23/08/2014,31.51118,25.6,17.813
24/08/2014,0,26.3,9.059
25/08/2014,0,25.2,9.356
26/08/2014,0,25.7,7.252
27/08/2014,0,25.7,5.263
28/08/2014,0,25.7,5.059
29/08/2014,0,27.2,4.553
30/08/2014,0,26.3,4.615
31/08/2014,0,27.8,4.466
01/09/2014,0,28.8,4.38
02/09/2014,0,27.8,4.195
03/09/2014,0,27.7,4.189
04/09/2014,0,27.5,4.393
05/09/2014,0,28.1,3.72
06/09/2014,0,28.2,4.416
07/09/2014,0,27.8,4.212
08/09/2014,0,27.3,6.817
09/09/2014,0,27.6,5.773
10/09/2014,0,28.3,6.167
11/09/2014,0,28.1,6.447
12/09/2014,0,27.6,3.986
13/09/2014,0,27.2,6.06
14/09/2014,0,26.8,6.616
15/09/2014,0,28.1,5.132
16/09/2014,0,27.1,5.274
17/09/2014,0,27.5,5.408
18/09/2014,0,27.6,4.409
19/09/2014,0,27.1,5.481
20/09/2014,0,27.8,5.685
21/09/2014,0,27.7,5.724
22/09/2014,0,28.1,5.565
23/09/2014,0,27.1,5.084
24/09/2014,0,26.5,4.855
25/09/2014,0,26.9,4.06
26/09/2014,0,28.3,5.132
27/09/2014,0,28.8,4.173
28/09/2014,0,27.3,4.309
29/09/2014,0,28.2,4.357
30/09/2014,0,28,4.086
01/10/2014,0,27.5,4.999
02/10/2014,0,27.8,4.767
03/10/2014,0,25.7,4.466
04/10/2014,0,23.4,3.956
05/10/2014,0,26.6,4.545
06/10/2014,0,27,3.876
07/10/2014,0,26.9,4.093
08/10/2014,0,27,4.466
09/10/2014,0,26.2,4.06
10/10/2014,0,26.5,3.837
11/10/2014,0,27.1,3.822
12/10/2014,0,27.6,3.849
13/10/2014,0,28.1,3.058
14/10/2014,0,27.6,3.206
15/10/2014,0,26,3.974
16/10/2014,0,26.9,4.086
17/10/2014,0,28.3,4.111
18/10/2014,0,27.1,4.59
19/10/2014,0,27.7,5.563
20/10/2014,0,27.7,5.278
21/10/2014,0,26.8,5.517
22/10/2014,0.851806,28.1,5.819
23/10/2014,0.550222,27.4,6.091
24/10/2014,0,27.6,6.151
25/10/2014,0.117379,27.8,6.041
26/10/2014,0,27.8,5.717
27/10/2014,0,27.8,5.548
28/10/2014,0,28.5,6.146
29/10/2014,0,28.9,5.545
30/10/2014,0,29.1,5.039
31/10/2014,0,28.8,4.542
01/11/2014,0,28.1,3.184
02/11/2014,0.785197,28.1,3.654
03/11/2014,0,27.6,3.112
04/11/2014,0,28,3.639
05/11/2014,0,27.2,2.741
06/11/2014,0,27.6,2.989
07/11/2014,0,27.6,2.26
08/11/2014,4.970213,28.1,2.706
09/11/2014,7.278485,27.6,6.58
10/11/2014,12.99953,27.9,10.705
11/11/2014,19.5288,27.1,15.321
12/11/2014,19.85475,26.8,16.749
13/11/2014,7.11417,28,22.027
14/11/2014,7.098333,28.2,11.05841
15/11/2014,8.374114,28.1,16.63
16/11/2014,8.355875,27.7,20.729
17/11/2014,11.14687,27.5,24.222
18/11/2014,9.627799,28.1,24.976
19/11/2014,18.00907,28.2,46.262
20/11/2014,10.27045,27.8,23.412
21/11/2014,17.72859,27.3,15.779
22/11/2014,0.361022,27.6,11.097
23/11/2014,11.8052,28.3,19.767
24/11/2014,12.2301,28.1,16.413
25/11/2014,11.33044,28.6,20.469
26/11/2014,9.988309,28.8,15.453
27/11/2014,6.198404,28.6,30.512
28/11/2014,9.520173,27.7,18.619
29/11/2014,8.961951,28,24.733
30/11/2014,3.321374,27.9,34.674
01/12/2014,12.07507,27.1,42.773
02/12/2014,11.2011,26.8,54.825
03/12/2014,48.64498,27.7,118.2989
04/12/2014,13.23749,27.5,64.09358
05/12/2014,18.59523,26.5,57.16
06/12/2014,16.98455,28.2,123.945
07/12/2014,40.40688,27.8,126.67
08/12/2014,25.78833,27.3,124.526
09/12/2014,25.25887,27.5,77.747
10/12/2014,4.953823,28.7,45.517
11/12/2014,0.755763,28.1,33.399
12/12/2014,4.665549,27.6,23.473
13/12/2014,15.36086,28,34.202
14/12/2014,16.37733,27.2,27.674
15/12/2014,14.88515,27.6,23.584
16/12/2014,5.748174,27.6,20.568
17/12/2014,10.30973,28.1,72.127
18/12/2014,18.97381,27.6,101.63
19/12/2014,36.10135,27.9,111.215
20/12/2014,40.33838,27.1,125.342
21/12/2014,25.39463,26.8,80.97
22/12/2014,2.839208,26.8,42.436
23/12/2014,25.8079,27.3,73.428
24/12/2014,18.4701,27.6,52.936
25/12/2014,24.74535,28.1,83.977
26/12/2014,10.09242,28.6,95.099
27/12/2014,29.08373,28.8,110.73
28/12/2014,27.67706,28.6,88.86052
29/12/2014,25.7285,27.7,102.079
30/12/2014,49.19536,28,122.383
31/12/2014,71.55945,28,168.015
01/01/2015,3.637551,28.2,50.67727
02/01/2015,19.98646,28.1,111.542
03/01/2015,69.98944,27.1,160.5588
04/01/2015,19.77181,26.3,79.01
05/01/2015,11.18115,27,65.564
06/01/2015,16.48327,27.8,63.32818
07/01/2015,31.67375,28.6,104.3966
08/01/2015,12.90529,28.5,64.158
09/01/2015,13.87838,28.3,61.05903
10/01/2015,10.36631,26.6,55.02597
11/01/2015,5.877809,27.5,45.46072
12/01/2015,7.565415,27.5,21.553
13/01/2015,9.333771,28.1,69.346
14/01/2015,6.730668,28.7,57.7301
15/01/2015,19.94296,26.7,94.70961
16/01/2015,3.642401,27.6,71.001
17/01/2015,1.310899,27.8,80.647
18/01/2015,0.388429,27.3,59.351
19/01/2015,1.245254,27.6,43.272
20/01/2015,9.332762,27.4,41.408
21/01/2015,2.225381,27.1,32.855
22/01/2015,0.909954,27.7,28.829
23/01/2015,17.86698,26.5,27.803
24/01/2015,22.31012,25.8,34.139
25/01/2015,25.81961,26.7,85.38813
26/01/2015,28.68786,27.3,94.8059
27/01/2015,24.88578,26.9,84.63112
28/01/2015,7.455051,26.5,51.32169
29/01/2015,1.817876,27.5,28.42712
30/01/2015,8.571089,26.9,28.646
31/01/2015,7.764481,27.9,68.761
01/02/2015,4.629264,27.2,41.08948
02/02/2015,6.961344,27,63.92
03/02/2015,36.00197,27.6,97.335
04/02/2015,25.2322,28.1,81.12
05/02/2015,24.27327,28.6,40.786
06/02/2015,16.31538,28.8,27.803
07/02/2015,17.39112,28.6,63.09047
08/02/2015,13.33717,27.7,60.77942
09/02/2015,1.005272,28,19.85087
10/02/2015,13.3752,28,59.54956
11/02/2015,7.021274,28.2,60.043
12/02/2015,2.658593,28.1,32.71029
13/02/2015,5.165039,28,49.18261
14/02/2015,17.37602,27.2,64.48022
15/02/2015,4.189964,27.6,98.886
16/02/2015,3.308975,27.6,36.83871
17/02/2015,0.642299,28.1,18.48222
18/02/2015,1.015343,27.6,18.87159
19/02/2015,10.64333,27.9,46.459
20/02/2015,0.135338,27.1,85.541
21/02/2015,0.240934,26.8,14.52628
22/02/2015,4.342309,26.8,42.10352
23/02/2015,9.015923,27.7,52.2979
24/02/2015,4.742756,27.5,41.80272
25/02/2015,20.24878,28.1,52.331
26/02/2015,6.854745,28.2,49.1642
27/02/2015,13.62844,27.8,61.0361
28/02/2015,4.050478,27.3,35.33
01/03/2015,6.267418,27.6,46.10928
02/03/2015,3.643925,28.3,36.81995
03/03/2015,2.148062,26.9,27.93383
04/03/2015,8.907217,27.2,76.81
05/03/2015,6.540637,27.3,49.004
06/03/2015,2.434766,26.9,61.703
07/03/2015,8.680507,27.1,53.63437
08/03/2015,1.849145,27.9,60.11408
09/03/2015,9.693285,26.3,54.57607
10/03/2015,0,26.7,10.94035
11/03/2015,0,27.1,11.99055
12/03/2015,0.002084,26.7,12.47295
13/03/2015,3.270357,26.8,35.2617
14/03/2015,2.424853,27.2,77.669
15/03/2015,8.794717,27,54.68307
16/03/2015,11.72094,26.6,55.34664
17/03/2015,12.36711,26.8,124.237
18/03/2015,5.306885,28.5,45.36208
19/03/2015,0.846235,28,75.085
20/03/2015,8.439788,26.9,53.50471
21/03/2015,5.617053,27.2,85.061
22/03/2015,1.03113,27.6,21.70459
23/03/2015,0.241841,26.6,74.824
24/03/2015,4.178335,28,39.27225
25/03/2015,3.065789,28.2,91.079
26/03/2015,4.811742,27.9,76.936
27/03/2015,2.386736,28.4,30.49181
28/03/2015,1.611125,28.3,25.26188
29/03/2015,2.739912,27.5,100.707
30/03/2015,4.570065,27,42.34505
31/03/2015,2.04662,27.8,101.178
01/04/2015,2.988896,26.8,74.098
02/04/2015,8.727224,27.8,56.05233
03/04/2015,10.17929,27.6,63.676
04/04/2015,1.013214,28,19.59554
05/04/2015,3.795192,27.2,38.87329
06/04/2015,0.291258,27.6,12.82318
07/04/2015,0.482344,27.6,59.962
08/04/2015,0.712655,28.1,19.64831
09/04/2015,0.270718,27.6,50.668
10/04/2015,26.19788,27.9,59.047
11/04/2015,0.998016,27.1,21.66002
12/04/2015,0,26.8,21.231
13/04/2015,0.091963,28,14.17518
14/04/2015,2.529098,28.2,30.96469
15/04/2015,12.52554,28.1,98.769
16/04/2015,1.193505,27.7,67.277
17/04/2015,0,27.5,42.247
18/04/2015,0.104659,28.1,41.238
19/04/2015,0,28.2,12.23218
20/04/2015,0,27.8,35.52
21/04/2015,2.587663,27.3,31.45931
22/04/2015,1.481591,27.6,67.424
23/04/2015,5.281298,28.3,36.473
24/04/2015,0.664646,28.1,17.70835
25/04/2015,9.54822,28.6,126.545
26/04/2015,4.700864,28.8,43.44052
27/04/2015,0,28.6,12.09831
28/04/2015,0.378148,27.7,16.24973
29/04/2015,9.340407,28,69.727
30/04/2015,3.923495,27.9,37.98152
01/05/2015,0.534151,27.1,18.61276
02/05/2015,0,26.8,13.26077
03/05/2015,0,27.3,11.5023
04/05/2015,0,27,73.68
05/05/2015,0,27.6,68.059
06/05/2015,0,26.5,13.81991
07/05/2015,0,26.8,13.87761
08/05/2015,6.154077,26.7,48.89571
09/05/2015,5.254565,27.2,43.48558
10/05/2015,13.61008,27.8,26.135
11/05/2015,10.5323,26.7,53.90095
12/05/2015,0,26.7,25.582
13/05/2015,0.649952,27.7,21.318
14/05/2015,0.260186,27,16.06319
15/05/2015,0.387562,27,26.905
16/05/2015,2.329313,27.2,31.14458
17/05/2015,2.066013,26.1,29.62293
18/05/2015,0.443044,27,20.117
19/05/2015,0.03832,27.3,11.09216
20/05/2015,0.131338,27,13.344
21/05/2015,0.601274,27,19.4493
22/05/2015,0.002129,26,14.241
23/05/2015,1.018913,25.6,12.544
24/05/2015,0,27.5,11.74341
25/05/2015,0,26.4,11.88697
26/05/2015,0,26.5,11.894
27/05/2015,0.318996,26.6,16.03272
28/05/2015,0.839538,26.1,15.633
29/05/2015,0.198105,25.7,12.6921
30/05/2015,0,26.3,16.086
31/05/2015,0.097256,25.4,14.145
01/06/2015,0.83697,25.5,19.94082
02/06/2015,0,28.1,12.896
03/06/2015,0.929988,27.3,19.65756
04/06/2015,7.706626,27,51.69988
05/06/2015,0,27.6,47.529
06/06/2015,57.14956,26.5,123.1076
07/06/2015,1.347286,26.8,15.22181
08/06/2015,0,26.7,12.48753
09/06/2015,0,27.2,16.112
10/06/2015,11.14788,27.8,15.674
11/06/2015,0.093879,26.7,14.28309
12/06/2015,0,26.7,12.56802
13/06/2015,2.822341,27.7,31.46995
14/06/2015,0,27,12.505
15/06/2015,0,27,12.29195
16/06/2015,0,27.2,11.43584
17/06/2015,0,26.1,12.77209
18/06/2015,0,27,9.356
19/06/2015,0,27.3,12.5446
20/06/2015,57.09188,27,10.52
21/06/2015,0.543482,27,13.67985
22/06/2015,7.034436,26,9.865
23/06/2015,0,25.6,10.688
24/06/2015,0,27.5,10.264
25/06/2015,15.46431,26.4,61.18053
26/06/2015,0,26.5,9.452
27/06/2015,76.01483,26.6,165.6218
28/06/2015,6.511616,26.1,6.934
29/06/2015,1.086964,25.7,22.79203
30/06/2015,0,26.3,9.56
01/07/2015,0,25.4,7.205
02/07/2015,0,25.5,7.114
03/07/2015,0,25.7,7.886
04/07/2015,0.110494,23.4,7.87
05/07/2015,0,26.6,12.78672
06/07/2015,1.672779,27,8.069
07/07/2015,0,26.9,13.55754
08/07/2015,0.033593,27,7.285
09/07/2015,8.032359,26.2,51.88333
10/07/2015,2.230372,26.5,28.7418
11/07/2015,0,27.1,11.359
12/07/2015,0,27.5,12.21654
13/07/2015,0,28.1,9.826468
14/07/2015,0,27.6,6.234
15/07/2015,1.192677,26,22.55837
16/07/2015,0,26.9,6.072
17/07/2015,0,28.3,12.52981
18/07/2015,0,27.1,13.61584
19/07/2015,0,27.7,12.06264
20/07/2015,0,27.7,6.902
21/07/2015,0,26.8,6.936
22/07/2015,0,28.2,11.39025
23/07/2015,0,27.4,11.08842
24/07/2015,0,27.6,13.02699
25/07/2015,0.184763,27.8,6.637
26/07/2015,3.520771,27.8,6.767
27/07/2015,0,27.8,11.10507
28/07/2015,0,28.5,10.0099
29/07/2015,0.660846,28.9,6.725
30/07/2015,0,29.1,11.31769
31/07/2015,0,28.8,9.762332
01/08/2015,0,28.1,13.19251
02/08/2015,0,28.1,11.41276
03/08/2015,0,25.7,5.733
04/08/2015,0,23.4,5.65
05/08/2015,0,26.6,13.2978
06/08/2015,0,27,5.72
07/08/2015,0,26.9,13.51271
08/08/2015,0,27,5.916
09/08/2015,0,26.2,11.82295
10/08/2015,0.99907,26.5,20.82614
11/08/2015,0.117379,27.1,13.44224
12/08/2015,0,27.6,4.737
13/08/2015,0,28.1,5.58
14/08/2015,0,27.6,5.463
15/08/2015,0,26,14.91875
16/08/2015,0,26.9,12.21723
17/08/2015,0,28.3,12.05834
18/08/2015,0,27.1,4.872
19/08/2015,0,27.7,13.83663
20/08/2015,0,27.7,3.319
21/08/2015,0,26.8,3.611
22/08/2015,0,28.1,11.15611
23/08/2015,31.51118,27.4,103.391
24/08/2015,0,27.6,12.09296
25/08/2015,0,27.8,12.68777
26/08/2015,0,27.8,3.668
27/08/2015,0,27.8,3.23
28/08/2015,0,28.5,3.651
29/08/2015,0,28.9,3.426
30/08/2015,0,29.1,12.18362
31/08/2015,0,28.8,12.5166
01/09/2015,0,28.1,9.121109
02/09/2015,0,28.1,3.269
03/09/2015,0,27.7,12.52143
04/09/2015,0,27.5,3.28
05/09/2015,0,28.1,3.395
06/09/2015,0,28.2,3.053
07/09/2015,0,27.8,3.142
08/09/2015,0,27.3,3.057
09/09/2015,0,27.6,12.7813
10/09/2015,0,28.3,11.09961
11/09/2015,0,28.1,2.739
12/09/2015,0,27.6,2.764
13/09/2015,0,27.2,2.64
14/09/2015,0,26.8,13.70502
15/09/2015,0,28.1,10.97991
16/09/2015,0,27.1,2.456
17/09/2015,0,27.5,11.87361
18/09/2015,0,27.6,10.7216
19/09/2015,0,27.1,1.783
20/09/2015,0,27.8,1.867
21/09/2015,0,27.7,1.814
22/09/2015,0,28.1,1.781
23/09/2015,0,27.1,12.15334
24/09/2015,0,26.5,13.26891
25/09/2015,0,26.9,14.71873
26/09/2015,0,28.3,13.01698
27/09/2015,0,28.8,12.62375
28/09/2015,0,27.3,12.80854
29/09/2015,0,28.2,1.531
30/09/2015,0,28,13.77412
01/10/2015,0,27.5,12.46705
02/10/2015,0,27.8,1.668
03/10/2015,0,25.7,12.5664
04/10/2015,0,23.4,11.41641
05/10/2015,0,26.6,12.42936
06/10/2015,0,27,11.28564
07/10/2015,0,26.9,1.863
08/10/2015,0,27,14.28881
09/10/2015,0,26.2,9.860468
10/10/2015,0,26.5,12.14156
11/10/2015,0,27.1,3.753
12/10/2015,0,27.6,4.205
13/10/2015,0,28.1,2.191
14/10/2015,0,27.6,12.88667
15/10/2015,0,26,2.214
16/10/2015,0,26.9,2.584
17/10/2015,0,28.3,2.893
18/10/2015,0,27.1,13.11218
19/10/2015,0,27.7,12.06899
20/10/2015,0,27.7,11.4282
21/10/2015,0,26.8,12.32471
22/10/2015,0.65249,28.1,17.32958
23/10/2015,0.341385,27.4,2.168
24/10/2015,0,27.6,2.204
25/10/2015,0.117379,27.8,12.49813
26/10/2015,0,27.8,13.75582
27/10/2015,0,27.8,10.67198
28/10/2015,0,28.5,12.65455
29/10/2015,0,28.9,11.4705
30/10/2015,0,29.1,2.122
31/10/2015,0,28.8,13.37537
01/11/2015,0,28.1,1.845
02/11/2015,0.701069,28.1,18.40739
03/11/2015,0,27.6,1.937
04/11/2015,0,28,11.93346
05/11/2015,0,27.2,12.58578
06/11/2015,0,27.6,1.47
07/11/2015,0,27.6,1.605
08/11/2015,1.968382,28.1,12.392
09/11/2015,1.782243,27.6,27.51727
10/11/2015,8.409425,27.9,55.11576
11/11/2015,1.312926,27.1,9.456
12/11/2015,1.498692,26.8,26.25946
13/11/2015,0.943019,28,19.79122
14/11/2015,0.784397,28.2,20.244
15/11/2015,1.802807,28.1,11.135
16/11/2015,2.477114,27.7,9.068
17/11/2015,1.49048,27.5,6.271
18/11/2015,0.400431,28.1,15.36579
19/11/2015,3.65358,28.2,36.65456
20/11/2015,0.683751,27.8,6.766
21/11/2015,3.149429,27.3,5.137
22/11/2015,1.99728,27.6,27.56787
23/11/2015,2.418932,28.3,32.18961
24/11/2015,2.052058,28.1,6.083
25/11/2015,0.9083,28.6,3.892
26/11/2015,0.912114,28.8,21.19357
27/11/2015,0.32182,28.6,4.473
28/11/2015,1.149555,27.7,7.38041
29/11/2015,0.359626,28,15.47605
30/11/2015,0.049364,27.9,4.90741
01/12/2015,2.257542,27.1,28.39569
02/12/2015,1.2683,26.8,5.093
03/12/2015,46.92458,27.7,12.379
04/12/2015,0.359403,27.5,13.30573
05/12/2015,0.805197,26.5,20.9096
06/12/2015,0.320349,28.2,18.601
07/12/2015,1.033432,27.8,16.543
08/12/2015,1.304168,27.3,11.63541
09/12/2015,2.752431,27.5,9.742
10/12/2015,0.044981,28.7,18.922
11/12/2015,0.000762,28.1,11.11486
12/12/2015,0.029272,27.6,12.19021
13/12/2015,2.491784,28,24.102
14/12/2015,0.257709,27.2,25.097
15/12/2015,4.460942,27.6,29.33
16/12/2015,0.299661,27.6,38.408
17/12/2015,0.808924,28.1,40.986
18/12/2015,0.494205,27.6,17.02787
19/12/2015,0.571223,27.9,57.39
20/12/2015,5.064408,27.1,38.635
21/12/2015,3.062615,26.8,34.86588
22/12/2015,0,26.8,15.12658
23/12/2015,2.010967,27.3,57.545
24/12/2015,1.10012,27.6,27.534
25/12/2015,0.509608,28.1,17.022
26/12/2015,1.72448,28.6,27.45644
27/12/2015,0.552223,28.8,18.85263
28/12/2015,2.588428,28.6,41.494
29/12/2015,0.377958,27.7,18.44505
30/12/2015,0.728742,28,18.39779
31/12/2015,1.254137,28,12.038
01/01/2016,0.082695,28.2,11.941
02/01/2016,0.315895,28.1,11.639
03/01/2016,69.98944,27.7,100.665
04/01/2016,19.77181,27.8,79.01
05/01/2016,11.18115,27.8,65.564
06/01/2016,16.48327,27.8,62.42984
07/01/2016,31.67375,27.7,106.3289
08/01/2016,12.90529,27.3,59.43896
09/01/2016,13.87838,27.6,59.16354
10/01/2016,10.36631,27.9,31.945
11/01/2016,5.877809,27.8,27.363
12/01/2016,7.565415,27.9,52.87087
13/01/2016,9.333771,27.8,69.346
14/01/2016,6.730668,27.6,49.65932
15/01/2016,19.94296,27.3,76.5178
16/01/2016,3.642401,27.3,35.36655
17/01/2016,1.310899,27.9,22.89616
18/01/2016,0.388429,27.9,19.31535
19/01/2016,1.245254,27.8,22.51687
20/01/2016,9.332762,27.5,41.408
21/01/2016,2.225381,26.3,32.855
22/01/2016,0.909954,27.9,18.36801
23/01/2016,17.86698,27.9,64.78315
24/01/2016,22.31012,26.8,76.75951
25/01/2016,25.81961,27.4,74.969
26/01/2016,28.68786,27.4,95.82941
27/01/2016,24.88578,27.9,107.346
28/01/2016,7.455051,27.9,70.433
29/01/2016,1.817876,27.8,36.79
30/01/2016,8.571089,27.9,28.646
31/01/2016,7.764481,27.8,53.47805
01/02/2016,4.629264,27.8,48.833
02/02/2016,6.961344,26.7,50.62557
03/02/2016,36.00197,27.5,97.335
04/02/2016,25.2322,27,84.2297
05/02/2016,24.27327,26.5,40.786
06/02/2016,16.31538,26.5,61.2238
07/02/2016,17.39112,27,59.021
08/02/2016,13.33717,26.5,58.77911
09/02/2016,1.005272,28,111.628
10/02/2016,13.3752,26,115.173
11/02/2016,7.021274,26.5,51.45501
12/02/2016,2.658593,27,63.903
13/02/2016,5.165039,27.5,56.48752
14/02/2016,17.37602,26.5,62.77274
15/02/2016,4.189964,27.5,98.886
16/02/2016,3.308975,27.5,37.75386
17/02/2016,0.642299,26.5,19.00997
18/02/2016,1.015343,26.5,60.577
19/02/2016,10.64333,27,46.459
20/02/2016,0.135338,27,85.541
21/02/2016,0.240934,26.5,15.77388
22/02/2016,4.342309,27,42.906
23/02/2016,9.015923,26.5,55.31229
24/02/2016,4.742756,26.5,43.34999
25/02/2016,20.24878,27,70.79508
26/02/2016,6.854745,27,52.301
27/02/2016,13.62844,27,58.6482
28/02/2016,4.050478,27,35.33
29/02/2016,6.267418,27,48.45267
01/03/2016,3.643925,27,32.325
02/03/2016,2.148062,27,27.45987
03/03/2016,8.907217,26.5,76.81
04/03/2016,6.540637,26.5,49.004
05/03/2016,2.434766,26.5,61.703
06/03/2016,8.680507,26.5,75.05904
07/03/2016,1.849145,27,23.94575
08/03/2016,9.693285,26.5,55.4116
09/03/2016,0,27,10.72066
10/03/2016,0,27,11.38491
11/03/2016,0.002084,27.5,10.47144
12/03/2016,3.270357,27.5,72.841
13/03/2016,2.424853,27,77.669
14/03/2016,8.794717,27,59.988
15/03/2016,11.72094,27.5,62.40852
16/03/2016,12.36711,27.5,59.64172
17/03/2016,5.306885,27.5,43.68189
18/03/2016,0.846235,28.5,17.65032
19/03/2016,8.439788,27.5,53.85143
20/03/2016,5.617053,27,85.061
21/03/2016,1.03113,27.5,20.57108
22/03/2016,0.241841,27,14.93223
23/03/2016,4.178335,27,41.2897
24/03/2016,3.065789,27.5,32.26699
25/03/2016,4.811742,27.5,41.12255
26/03/2016,2.386736,27,57.299
27/03/2016,1.611125,26.5,24.27672
28/03/2016,2.739912,26.5,100.707
29/03/2016,4.570065,27.5,44.51651
30/03/2016,2.04662,27.5,28.41321
31/03/2016,2.988896,27,74.098
01/04/2016,8.727224,26.5,57.535
02/04/2016,10.17929,27.5,57.44019
03/04/2016,1.013214,23.5,20.82026
04/04/2016,3.795192,26,36.70045
05/04/2016,0.291258,27,13.1786
06/04/2016,0.482344,27,59.962
07/04/2016,0.712655,27,62.386
08/04/2016,0.270718,27.5,16.89626
09/04/2016,26.19788,27,59.047
10/04/2016,0.998016,27,31.154
11/04/2016,0,26.5,11.17766
12/04/2016,0.091963,27,11.97429
13/04/2016,2.529098,27,58.672
14/04/2016,12.52554,27,58.2866
15/04/2016,1.193505,27,22.17575
16/04/2016,0,26.5,42.247
17/04/2016,0.104659,27,14.08935
18/04/2016,0,26,27.545
19/04/2016,0,26.5,12.98185
20/04/2016,2.587663,27,63.519
21/04/2016,1.481591,26.5,67.424
22/04/2016,5.281298,26.5,46.08995
23/04/2016,0.664646,27,16.71204
24/04/2016,9.54822,26,57.05018
25/04/2016,4.700864,26.5,93.491
26/04/2016,0,27,14.76461
27/04/2016,0.378148,26.5,48.557
28/04/2016,9.340407,27,55.58441
29/04/2016,3.923495,27,78.283
30/04/2016,0.534151,27.5,15.24864
01/05/2016,0,27,35.664
02/05/2016,0,27,12.01892
03/05/2016,0,24,73.68
04/05/2016,0,24.5,11.69466
05/05/2016,0,27,48.609
06/05/2016,0,27,35.825
07/05/2016,6.154077,27,31.962
08/05/2016,5.254565,27,45.15524
09/05/2016,13.61008,27,59.65654
10/05/2016,10.5323,27,27.22
11/05/2016,0,27,9.211654
12/05/2016,0.649952,27.5,21.318
13/05/2016,0.260186,28,23.152
14/05/2016,0.387562,27.5,26.905
15/05/2016,2.329313,27.5,27.309
16/05/2016,2.066013,27.5,29.1397
17/05/2016,0.443044,27.5,20.117
18/05/2016,0.03832,27.5,16.069
19/05/2016,0.131338,27.5,13.344
20/05/2016,0.601274,27.5,14.087
21/05/2016,0.002129,27.5,14.78469
22/05/2016,1.018913,27.5,19.67409
23/05/2016,0,27.5,12.87111
24/05/2016,0,27,12.42506
25/05/2016,0,27,11.894
26/05/2016,0.318996,28,15.985
27/05/2016,0.839538,28,15.633
28/05/2016,0.198105,27,13.09243
29/05/2016,0,27,16.086
30/05/2016,0.097256,27,13.93981
31/05/2016,0.83697,27,10.448
01/06/2016,0,27,12.896
02/06/2016,0.929988,27,36.142
03/06/2016,7.706626,27,24.26
04/06/2016,0,27,13.28487
05/06/2016,57.14956,26.5,122.5859
06/06/2016,1.347286,27.5,21.96285
07/06/2016,0,27,12.34198
08/06/2016,0,27.5,13.53807
09/06/2016,11.14788,27.5,15.674
10/06/2016,0.093879,27,12.54741
11/06/2016,0,26.5,12.51749
12/06/2016,2.822341,26.5,12.46341
13/06/2016,0,27.5,12.505
14/06/2016,0,27.5,11.723
15/06/2016,0,27.5,10.004
16/06/2016,0,27,14.16421
17/06/2016,0,27,9.356
18/06/2016,0,27.5,10.227
19/06/2016,57.09188,27,10.52
20/06/2016,0.543482,26.5,10.672
21/06/2016,7.034436,26.5,9.865
22/06/2016,0,26,10.688
23/06/2016,0,26,10.264
24/06/2016,15.46431,24,60.85668
25/06/2016,0,24.5,9.452
26/06/2016,76.01483,26.5,165.0639
27/06/2016,6.511616,27,6.934
28/06/2016,1.086964,26,7.835
29/06/2016,0,27,9.56
30/06/2016,0,27,14.08986
01/07/2016,0,27,7.114
02/07/2016,0,27,10.07173
03/07/2016,0.110494,27.5,12.45434
04/07/2016,0,26.5,7.791
05/07/2016,1.672779,26,8.069
06/07/2016,0,27.5,7.496
07/07/2016,0.033593,27,7.285
08/07/2016,8.032359,27.5,52.94411
09/07/2016,2.230372,28,6.039
10/07/2016,0,27.5,14.39548
11/07/2016,0,27,11.46801
12/07/2016,0,27,11.86284
13/07/2016,0,27,6.234
14/07/2016,1.192677,26.5,22.47248
15/07/2016,0,27,12.47566
16/07/2016,0,26,6.631
17/07/2016,0,27,14.51528
18/07/2016,0,26.5,11.30054
19/07/2016,0,26.5,12.67607
20/07/2016,0,26.5,12.98014
21/07/2016,0,24,6.767
22/07/2016,0,25,6.902
23/07/2016,0,25,12.64042
24/07/2016,0.184763,24,6.637
25/07/2016,3.520771,24.5,36.84277
26/07/2016,0,24.5,6.637
27/07/2016,0,24,6.549
28/07/2016,0.660846,25,6.725
29/07/2016,0,24,5.426
30/07/2016,0,24,5.463
31/07/2016,0,24.5,13.10342
01/08/2016,0,24.5,5.755
02/08/2016,0,24,5.733
03/08/2016,0,24,10.00818
04/08/2016,0,24,5.426
05/08/2016,0,25,11.02153
06/08/2016,0,25.5,5.648
07/08/2016,0,26,14.20044
08/08/2016,0,27,11.66896
09/08/2016,0.99907,26.5,5.059
10/08/2016,0.117379,26.5,13.96967
11/08/2016,0,25.5,10.95744
12/08/2016,0,25,13.00535
13/08/2016,0,24.5,5.463
14/08/2016,0,26,12.47188
15/08/2016,0,24,11.20143
16/08/2016,0,23.5,11.19936
17/08/2016,0,25.5,11.74951
18/08/2016,0,25.5,4.393
19/08/2016,0,25.5,3.319
20/08/2016,0,25.5,11.63139
21/08/2016,0,24.5,3.671
22/08/2016,31.51118,25,101.6746
23/08/2016,0,25,3.584
24/08/2016,0,25,3.789
25/08/2016,0,24,10.28981
26/08/2016,0,24.5,13.0012
27/08/2016,0,23.5,13.83446
28/08/2016,0,23.5,3.426
29/08/2016,0,25,3.349
30/08/2016,0,25,3.389
31/08/2016,0,24.5,14.36782
01/09/2016,0,24.5,12.8929
02/09/2016,0,24,3.34
03/09/2016,0,24,3.28
04/09/2016,0,25,3.395
05/09/2016,0,25.5,10.51951
06/09/2016,0,26,9.968941
07/09/2016,0,26,12.79041
08/09/2016,0,26,9.7932
09/09/2016,0,26,2.715
10/09/2016,0,26,11.87918
11/09/2016,0,26,12.88195
12/09/2016,0,26,11.55769
13/09/2016,0,26,11.5719
14/09/2016,0,26,10.10487
15/09/2016,0,26,12.40549
16/09/2016,0,25,13.13819
17/09/2016,0,25,11.11869
18/09/2016,0,24.5,1.783
19/09/2016,0,24.5,12.93868
20/09/2016,0,24.5,11.0773
21/09/2016,0,24.5,13.78379
22/09/2016,0,24.5,1.899
23/09/2016,0,24.5,1.919
24/09/2016,0,24.5,1.878
25/09/2016,0,24.5,10.64689
26/09/2016,0,25.5,13.02344
27/09/2016,0,25.5,1.802
28/09/2016,0,25.5,1.531
29/09/2016,0,28,11.20094
30/09/2016,0,24.5,1.626
01/10/2016,0,26,11.22828
02/10/2016,0,26,11.5301
03/10/2016,0,27.7,1.733
04/10/2016,0,27.5,1.827
05/10/2016,0,26.5,13.25191
06/10/2016,0,28.2,1.863
07/10/2016,0,27.8,11.78304
08/10/2016,0,27.3,1.872
09/10/2016,0,27.5,1.523
10/10/2016,0,28.7,3.753
11/10/2016,0,28.1,12.35508
12/10/2016,0,27.6,14.13399
13/10/2016,0,28,12.77889
14/10/2016,0,27.2,2.214
15/10/2016,0,27.6,2.584
16/10/2016,0,27.6,11.97886
17/10/2016,0,28.1,2.936
18/10/2016,0,27.6,11.24337
19/10/2016,0,27.9,12.79584
20/10/2016,0,27.1,2.257
21/10/2016,0.65249,26.8,16.47007
22/10/2016,0.341385,26.8,2.168
23/10/2016,0,27.3,12.23153
24/10/2016,0.117379,27.6,12.69679
25/10/2016,0,28.1,12.97509
26/10/2016,0,28.6,2.168
27/10/2016,0,28.8,2.066
28/10/2016,0,28.6,1.881
29/10/2016,0,27.7,13.07476
30/10/2016,0,28,1.827
31/10/2016,0,28,1.845
01/11/2016,0.701069,28.2,18.91163
02/11/2016,0,28.1,1.937
03/11/2016,0,25,1.32
04/11/2016,0,25,1.55
05/11/2016,0,24,13.8404
06/11/2016,0,24,1.605
07/11/2016,1.968382,24,28.03383
08/11/2016,1.782243,25,25.90667
09/11/2016,8.409425,25,53.48078
10/11/2016,1.312926,28,9.456
11/11/2016,1.498692,4,23.33686
12/11/2016,0.943019,18.5,21.1288
13/11/2016,0.784397,27.5,14.838
14/11/2016,1.802807,28,11.135
15/11/2016,2.477114,28,32.10154
16/11/2016,1.49048,28,6.271
17/11/2016,0.400431,28,16.5948
18/11/2016,3.65358,25,37.9285
19/11/2016,0.683751,25,6.766
20/11/2016,3.149429,25,34.54622
21/11/2016,1.99728,25,6.005
22/11/2016,2.418932,25,6.57741
23/11/2016,2.052058,25,6.083
24/11/2016,0.9083,27,21.04276
25/11/2016,0.912114,27,19.21667
26/11/2016,0.32182,26.5,4.473
27/11/2016,1.149555,27,7.38041
28/11/2016,0.359626,27.5,5.984
29/11/2016,0.049364,27.5,4.90741
30/11/2016,2.257542,29.5,5.755
01/12/2016,1.2683,26.5,5.093
02/12/2016,46.92458,26.5,113.1963
03/12/2016,0.359403,26,7.085
04/12/2016,0.805197,27,14.131
05/12/2016,0.320349,27,18.601
06/12/2016,1.033432,27,22.68941
07/12/2016,1.304168,27,22.11742
08/12/2016,2.752431,26,9.742
09/12/2016,0.044981,26.5,12.44372
10/12/2016,0.000762,26,12.72496
11/12/2016,0.029272,26,11.69972
12/12/2016,2.491784,26.5,31.10141
13/12/2016,0.257709,25.5,13.57483
14/12/2016,4.460942,30,41.27244
15/12/2016,0.299661,30,13.94303
16/12/2016,0.808924,25.5,16.15703
17/12/2016,0.494205,25.5,39.547
18/12/2016,0.571223,26,16.9406
19/12/2016,5.064408,25.5,43.61975
20/12/2016,3.062615,25,59.119
21/12/2016,0,25,27.07
22/12/2016,2.010967,25,27.16877
23/12/2016,1.10012,27,27.534
24/12/2016,0.509608,26.5,17.022
25/12/2016,1.72448,26.5,37.208
26/12/2016,0.552223,26,75.359
27/12/2016,2.588428,24.5,32.32388
28/12/2016,0.377958,25,19.01641
29/12/2016,0.728742,25,17.52169
30/12/2016,1.254137,25.5,23.08927
31/12/2016,0.082695,26,11.941
01/01/2017,0.315895,26,11.639
02/01/2017,13.30227,25.5,89.99565
03/01/2017,32.30287,25,55.7378
04/01/2017,15.38614,26,115.4564
05/01/2017,21.26768,26,88.53398
06/01/2017,3.82559,26,104.4304
07/01/2017,11.28978,26,61.67116
08/01/2017,1.623047,27,63.23516
09/01/2017,0.456533,27,38.64711
10/01/2017,1.904944,27,83.23051
11/01/2017,0,26,61.67116
12/01/2017,0,27,41.42626
13/01/2017,8.995882,26,94.87434
14/01/2017,14.33203,27,62.77922
15/01/2017,19.65936,26,94.92234
16/01/2017,10.19435,26,64.65916
17/01/2017,15.20404,26,129.7561
18/01/2017,10.62543,26,79.18573
19/01/2017,18.25636,26,85.70665
20/01/2017,12.03974,26,105.8564
21/01/2017,10.15091,26,47.84287
22/01/2017,2.044294,27,84.08951
23/01/2017,10.65426,27,94.87434
24/01/2017,14.62065,26,70.78414
25/01/2017,32.75592,26,129.8141
26/01/2017,14.13265,26,59.95279
27/01/2017,21.75354,26,94.85334
28/01/2017,6.710585,27,94.74734
29/01/2017,9.985707,27,130.0881
30/01/2017,9.166438,27,117.6644
31/01/2017,28.45464,27,74.06147
01/02/2017,16.68115,27,87.05548
02/02/2017,7.046453,26,84.18651
03/02/2017,9.764776,26.5,79.07973
04/02/2017,5.179761,26.5,74.14247
05/02/2017,5.226825,26,56.58462
06/02/2017,15.19985,27,56.0988
07/02/2017,3.9091,26.5,74.32347
08/02/2017,2.227451,26,51.83561
09/02/2017,9.776425,26.5,61.90888
10/02/2017,12.69731,27,74.13947
11/02/2017,4.414413,27,117.5804
12/02/2017,8.157344,26.5,84.08951
13/02/2017,18.70017,26,94.87434
14/02/2017,22.37724,26,63.44951
15/02/2017,3.83319,25.5,129.8141
16/02/2017,10.49687,26.5,57.248
17/02/2017,0.656677,26,94.85334
18/02/2017,4.574271,26,94.74734
19/02/2017,0.331482,25.5,130.0881
20/02/2017,6.334103,25.5,117.6644
21/02/2017,5.353413,25.5,42.41352
22/02/2017,4.317512,26.5,106.2044
23/02/2017,0.682322,26.5,48.20587
24/02/2017,5.749373,26.5,74.13047
25/02/2017,4.581345,26,40.67611
26/02/2017,13.4499,26,46.853
27/02/2017,23.57243,26.5,44.24456
28/02/2017,7.895686,26.5,46.3716
01/03/2017,21.31238,26.5,74.13047
02/03/2017,17.33881,26.5,84.18651
03/03/2017,15.05543,26,79.07973
04/03/2017,15.41217,26,74.14247
05/03/2017,1.847066,26.5,29.83278
06/03/2017,6.173129,26.5,56.0988
07/03/2017,3.642604,26.5,48.07087
08/03/2017,1.795449,26.5,51.83561
09/03/2017,4.437438,26.5,48.03387
10/03/2017,0,27,40.59611
11/03/2017,1.857751,27,47.82987
12/03/2017,5.236632,27,79.09873
13/03/2017,7.690048,26.5,105.9154
14/03/2017,5.963666,26.5,74.14247
15/03/2017,2.94784,26,117.5234
16/03/2017,17.61216,27,56.0988
17/03/2017,10.53481,26.5,56.1358
18/03/2017,9.482897,26.5,64.72816
19/03/2017,8.628106,26.5,48.03387
20/03/2017,13.77471,25.5,74.15847
21/03/2017,12.49361,26,64.74116
22/03/2017,27.71065,27,90.86634
23/03/2017,24.36871,27,80.41951
24/03/2017,8.712986,26,67.32677
25/03/2017,16.4004,26.5,68.27747
26/03/2017,9.921257,26.5,67.5748
27/03/2017,54.11082,26.5,89.16934
28/03/2017,2.6528,26,70.34447
29/03/2017,0,26,65.45029
30/03/2017,7.806286,26,80.18551
31/03/2017,2.22762,25.5,70.23847
01/04/2017,14.65,27.5,65.45029
02/04/2017,9.016137,27.5,75.36473
03/04/2017,19.27027,27,82.02024
04/04/2017,40.09186,27,118.2295
05/04/2017,22.97899,27,90.45525
06/04/2017,8.763804,26,90.86634
07/04/2017,6.899808,26,75.29573
08/04/2017,1.922415,26,70.62747
09/04/2017,21.60906,25.5,67.35526
10/04/2017,18.05258,26,80.54451
11/04/2017,7.073133,26.5,44.26387
12/04/2017,3.285307,28,63.25647
13/04/2017,8.614862,26,80.42951
14/04/2017,0.557549,27,27.30687
15/04/2017,0.159632,26.5,44.01687
16/04/2017,0.706634,26.5,30.1888
17/04/2017,0,26.5,30.0048
18/04/2017,0,26.5,52.1678
19/04/2017,16.24921,26.5,70.25047
20/04/2017,14.36242,25.5,78.62154
21/04/2017,10.00262,26,52.0628
22/04/2017,2.498201,26,63.25647
23/04/2017,2.517073,26,70.40147
24/04/2017,6.738419,26,54.22119
25/04/2017,34.48626,26,65.48129
26/04/2017,6.194361,26.5,90.79534
27/04/2017,8.697399,26.5,90.61134
28/04/2017,14.53546,26.5,56.09362
29/04/2017,2.337448,26.5,51.9778
30/04/2017,8.425562,27,70.20847
01/05/2017,1.254978,27,80.19351
02/05/2017,2.466293,27,33.66411
03/05/2017,0.673026,26.5,33.49011
04/05/2017,7.352024,26.5,110.7164
05/05/2017,7.716763,26,62.44729
06/05/2017,1.466151,26,43.95487
07/05/2017,8.481606,26.5,40.26856
08/05/2017,0.194438,26.5,30.4348
09/05/2017,0.208837,26.5,30.5718
10/05/2017,1.177906,26,27.85942
11/05/2017,0,27,27.14042
12/05/2017,0,27,27.5178
13/05/2017,0,26.5,22.12668
14/05/2017,0,26.5,21.80768
15/05/2017,0,26,67.63447
16/05/2017,0.265522,26,27.4768
17/05/2017,0,26,20.52239
18/05/2017,0,25.5,19.03284
19/05/2017,0,25.5,18.098
20/05/2017,0,26.5,18.098
21/05/2017,0,26.5,18.098
22/05/2017,0,26.5,17.271
23/05/2017,0,26.5,17.195
24/05/2017,0,26,1.339
25/05/2017,0,26.5,13.029
26/05/2017,0,26.5,12.857
27/05/2017,1.310746,26.5,20.33068
28/05/2017,2.143968,26.5,17.27084
29/05/2017,7.390636,26.5,88.77434
30/05/2017,21.20206,26,124.2381
31/05/2017,23.36947,26,58.79716
01/06/2017,6.194455,26,16.323
02/06/2017,4.404467,26,28.3198
03/06/2017,0.634887,25.5,25.32842
04/06/2017,0.186991,25.5,19.74568
05/06/2017,0,26.5,17.82868
06/06/2017,3.039038,26.5,20.44042
07/06/2017,11.54394,26,45.4228
08/06/2017,13.27057,26.5,45.2148
09/06/2017,7.107257,22.5,28.68111
10/06/2017,0.205413,25.5,20.68042
11/06/2017,0.265522,26,21.80068
12/06/2017,1.752969,25,21.77868
13/06/2017,3.758567,24.5,24.36042
14/06/2017,9.957759,24.5,21.70968
15/06/2017,0.218321,25.5,57.76116
16/06/2017,0.756624,25.5,29.58711
17/06/2017,0.321871,25,26.46488
18/06/2017,0,25,20.61042
19/06/2017,0,25,23.1988
20/06/2017,0,25,18.00068
21/06/2017,0,25.5,18.00068
22/06/2017,6.619747,26,87.69034
23/06/2017,12.83342,25.5,53.37762
24/06/2017,0.176068,25.5,29.0938
25/06/2017,2.809482,25.5,67.94947
26/06/2017,5.110896,25.5,27.7018
27/06/2017,3.567509,25.5,54.30062
28/06/2017,13.34215,26.5,68.17347
29/06/2017,6.391148,26,42.02387
30/06/2017,0,26,22.79068
01/07/2017,0,26.5,17.08784
02/07/2017,2.764534,26.5,16.126
03/07/2017,12.96906,25,16.33
04/07/2017,1.42847,25,14.122
05/07/2017,3.157367,25.5,14.261
06/07/2017,0,25,12.333
07/07/2017,0,25,12.431
08/07/2017,0,25,12.431
09/07/2017,1.708795,25,12.294
10/07/2017,2.402531,25,12.085
11/07/2017,11.08141,25,14.431
12/07/2017,8.532312,25,17.62439
13/07/2017,4.353046,24.5,17.61539
14/07/2017,3.502351,24.5,17.48539
15/07/2017,2.228772,24.5,17.32339
16/07/2017,6.748911,25,14.75739
17/07/2017,6.372411,25,14.73039
18/07/2017,6.904673,25,14.53239
19/07/2017,5.041215,25,24.40239
20/07/2017,3.521292,25,12.971
21/07/2017,0.979732,25,12.971
22/07/2017,3.988315,25,10.32084
23/07/2017,4.365987,25,10.27284
24/07/2017,3.717757,25,9.427
25/07/2017,1.352483,24.5,9.306
26/07/2017,0,24.5,9.342
27/07/2017,0,24.5,9.222
28/07/2017,2.068504,24.5,9.306
29/07/2017,0,24.5,9.222
30/07/2017,0,24.5,8.337
31/07/2017,0.716021,24.5,9.306
01/08/2017,0,24.5,9.306
02/08/2017,0,24.5,8.28
03/08/2017,0.239447,19.5,6.486684
04/08/2017,0.159632,24.5,6.486684
05/08/2017,0.27701,20,6.486684
06/08/2017,0.788451,19.5,6.486684
07/08/2017,1.306983,19.5,6.486684
08/08/2017,0,19.5,7.228
09/08/2017,0,19.5,7.228
10/08/2017,0,19.5,7.083
11/08/2017,0,19.5,7.132
12/08/2017,0,25,7.102
13/08/2017,0.399079,25,6.707
14/08/2017,0,25,6.2
15/08/2017,0,25,6.266
16/08/2017,0,24.5,5.992
17/08/2017,0.319263,24.5,5.842
18/08/2017,0.273427,24.5,5.749
19/08/2017,0,24.5,5.257
20/08/2017,0,25,5.481
21/08/2017,0,24.5,5.257
22/08/2017,0,24.5,4.797
23/08/2017,0,24.5,4.948
24/08/2017,0,24.5,5.094
25/08/2017,0,24.5,6.097
26/08/2017,0,24.5,5.519
27/08/2017,0,24.5,5.464
28/08/2017,0,25.5,4.919
29/08/2017,0,25.5,3.677
30/08/2017,0,25.5,4.613
31/08/2017,0,25.5,4.568
01/09/2017,0,25.5,4.568
02/09/2017,0,25.5,3.745
03/09/2017,0,24.5,4.548
04/09/2017,0,24.5,4.587
05/09/2017,0,24.5,4.512
06/09/2017,0,24.5,4.504
07/09/2017,0,24.5,4.587
08/09/2017,0,25,4.509
09/09/2017,0,25,4.504
10/09/2017,0,24.5,3.844
11/09/2017,0,24.5,4.406
12/09/2017,0,25,3.882
13/09/2017,0,24.5,3.882
14/09/2017,0,24.5,3.493
15/09/2017,0,24.5,3.729
16/09/2017,0,24.5,3.701
17/09/2017,0,24.5,3.444
18/09/2017,0,24.5,3.197
19/09/2017,0,24.5,3.353
20/09/2017,0,24.5,2.628
21/09/2017,0,24.5,2.649
22/09/2017,0,24.5,2.474
23/09/2017,0,24.5,2.527
24/09/2017,2.648797,24.5,2.527
25/09/2017,13.152,24.5,4.123
26/09/2017,15.56869,25,5.295
27/09/2017,4.114967,25,6.992
28/09/2017,1.502629,25,6.305
29/09/2017,4.901006,26,6.388
30/09/2017,0.463789,26,6.129
01/10/2017,0,26.5,7.391
02/10/2017,0.788451,26.5,5.774
03/10/2017,0,26.7,5.62
04/10/2017,1.310097,25.45,5.167
05/10/2017,2.835311,26.55,5.589
06/10/2017,12.71806,27.6,68.17651
07/10/2017,23.04356,27.35,35.33087
08/10/2017,5.715155,27.15,42.8198
09/10/2017,17.00552,26.85,21.6208
10/10/2017,5.800403,27.6,16.92968
11/10/2017,1.854461,27.6,10.443
12/10/2017,17.49175,27.6,14.01823
13/10/2017,4.772147,28.05,9.766
14/10/2017,1.12171,27.4,7.493
15/10/2017,0,26.8,6.819
16/10/2017,1.713096,27.25,5.329
17/10/2017,0.357534,28.2,7.320836
18/10/2017,2.3053,27.35,7.281836
19/10/2017,4.882329,27.8,8.803389
20/10/2017,2.407687,27.4,7.493
21/10/2017,0,26.8,6.471
22/10/2017,0,27.45,5.299
23/10/2017,0.410825,27.35,5.035
24/10/2017,4.141568,27.6,98.5664
25/10/2017,46.88042,27.95,99.74997
26/10/2017,29.99082,28.2,109.3474
27/10/2017,39.89447,28.3,86.02734
28/10/2017,4.296676,28.55,31.46811
29/10/2017,2.62051,28.3,20.12868
30/10/2017,0,28.55,15.38539
31/10/2017,0,28.4,11.60284
01/11/2017,0,28.15,10.792
02/11/2017,0,28.1,8.852
03/11/2017,5.363009,26.5,9.389
04/11/2017,7.712824,26.5,35.01887
05/11/2017,16.41787,26.5,35.06287
06/11/2017,16.0871,26.5,104.7174
07/11/2017,16.09294,26.5,35.71287
08/11/2017,6.497667,26.5,28.54511
09/11/2017,7.162622,26.5,72.15351
10/11/2017,3.179749,26.5,62.09147
11/11/2017,4.477513,26.5,51.86316
12/11/2017,2.370114,26.5,82.84434
13/11/2017,9.803086,26.5,94.00343
14/11/2017,12.41509,26.5,83.12334
15/11/2017,28.92526,26.5,60.02547
16/11/2017,2.116125,26,50.82516
17/11/2017,14.03402,26,80.74634
18/11/2017,16.79004,26,91.90343
19/11/2017,8.522832,26,80.92634
20/11/2017,6.407012,26,70.22751
21/11/2017,16.15931,26,82.84434
22/11/2017,6.953106,26,50.95316
23/11/2017,20.60494,26,103.6034
24/11/2017,39.23934,26,116.6131
25/11/2017,18.24153,26,61.07447
26/11/2017,12.29283,26,72.74798
27/11/2017,35.24033,26,120.3481
28/11/2017,35.26927,26,97.35129
29/11/2017,33.98298,26,116.9081
30/11/2017,40.22683,26,125.7676
01/12/2017,16.64945,26,96.30343
02/12/2017,0.755323,26,75.52351
03/12/2017,3.47303,27,46.8678
04/12/2017,0.859583,27,75.33651
05/12/2017,14.16885,27,40.02387
06/12/2017,7.314151,27,41.82287
07/12/2017,5.841775,27,63.34247
08/12/2017,34.34077,27,88.86634
09/12/2017,4.974514,27,41.64787
10/12/2017,1.06577,27,38.33656
11/12/2017,8.559763,27,57.40454
12/12/2017,38.66122,27,114.4894
13/12/2017,21.09904,27,129.6241
14/12/2017,19.00656,27,129.5521
15/12/2017,33.99408,27,129.6501
16/12/2017,21.46283,27,74.07547
17/12/2017,13.01705,27,94.57534
18/12/2017,16.2551,27,77.78965
19/12/2017,30.54247,27,108.8753
20/12/2017,32.06865,27,96.48341
21/12/2017,22.4488,27,125.6901
22/12/2017,11.93938,27,62.23309
23/12/2017,17.35543,27,78.5531
24/12/2017,10.18546,27,94.65134
25/12/2017,2.267142,27,94.57934
26/12/2017,6.39287,27,91.67834
27/12/2017,6.012105,27,105.7974
28/12/2017,6.423394,27,64.53016
29/12/2017,17.00044,27,64.61416
30/12/2017,1.962334,27,55.9578
31/12/2017,21.16464,27,73.94547
01/01/2018,14.75824,27,90.15153
02/01/2018,14.23471,27,95.077
03/01/2018,18.15886,25,106.963
04/01/2018,9.040617,26,95.033
05/01/2018,7.197128,26,100.967
06/01/2018,11.18432,26,118.868
07/01/2018,33.22074,26,107.3641
08/01/2018,23.32779,27,86.80915
09/01/2018,37.44333,27,106.325
10/01/2018,3.006992,27,89.524
11/01/2018,0.908875,26,46.38289
12/01/2018,19.37265,27,106.12
13/01/2018,6.852885,26,94.737
14/01/2018,15.14657,27,76.82457
15/01/2018,24.14818,26,95.913
16/01/2018,6.806139,26,113.374
17/01/2018,27.50758,26,132.015
18/01/2018,19.89104,26,80.5592
19/01/2018,37.87799,26,122.0073
20/01/2018,33.49718,26,114.9117
21/01/2018,22.88303,26,106.2261
22/01/2018,17.26449,27,57.09315
23/01/2018,19.84091,27,86.68264
24/01/2018,26.22479,26,99.31083
25/01/2018,29.46332,26,103.2039
26/01/2018,25.81473,26,101.3117
27/01/2018,26.64726,26,115.308
28/01/2018,28.12772,27,102.438
29/01/2018,11.35433,27,67.68032
30/01/2018,3.708015,27,115.066
31/01/2018,12.11588,27,89.835
01/02/2018,14.82909,27,64.604
02/02/2018,31.65111,26,98.55592
03/02/2018,38.05489,26.5,94.8364
04/02/2018,9.20692,26.5,101.909
05/02/2018,10.07134,26,72.98195
06/02/2018,9.835963,27,113.674
07/02/2018,0.899843,26.5,90.893
08/02/2018,2.167636,26,114.693
09/02/2018,10.63602,26.5,54.99564
10/02/2018,10.26068,27,43.55962
11/02/2018,13.01863,27,63.49074
12/02/2018,0.636792,26.5,107.614
13/02/2018,21.31285,26,84.48181
14/02/2018,30.03553,26,86.57193
15/02/2018,6.738271,25.5,127.745
16/02/2018,1.250489,26.5,115.377
17/02/2018,12.02495,26,98.35
18/02/2018,8.456869,26,116.571
19/02/2018,11.78718,25.5,114.347
20/02/2018,1.174587,25.5,127.24
21/02/2018,4.543147,25.5,104.534
22/02/2018,3.71266,26.5,91.171
23/02/2018,7.670862,26.5,83.188
24/02/2018,6.031197,26.5,83.614
25/02/2018,10.74003,26,76.95822
26/02/2018,12.98502,26,83.374
27/02/2018,0,26.5,80.789
28/02/2018,0,26.5,73.02
01/03/2018,0,26.5,63.365
02/03/2018,5.864262,26.5,63.477
03/03/2018,5.737219,26,66.124
04/03/2018,6.048276,26,68.496
05/03/2018,4.294748,26.5,63.647
06/03/2018,26.53515,26.5,54.97
07/03/2018,2.577087,26.5,58.242
08/03/2018,2.624078,26.5,57.107
09/03/2018,3.869519,26.5,53.222
10/03/2018,0.475775,27,63.261
11/03/2018,0,27,63.789
12/03/2018,2.631254,27,85.842
13/03/2018,4.892364,26.5,61.927
14/03/2018,7.916147,26.5,98.298
15/03/2018,26.18135,26,93.48081
16/03/2018,0,27,59.014
17/03/2018,0,26.5,73.317
18/03/2018,3.398178,26.5,73.574
19/03/2018,0.347517,26.5,100.148
20/03/2018,3.929377,25.5,31.33791
21/03/2018,0,26,59.265
22/03/2018,0,27,47.364
23/03/2018,0.012144,27,78.176
24/03/2018,19.8836,26,74.664
25/03/2018,0,26.5,43.078
26/03/2018,8.281172,26.5,61.527
27/03/2018,2.760407,26.5,46.784
28/03/2018,0.560855,26,43.27
29/03/2018,0,26,33.312
30/03/2018,0,26,33.174
31/03/2018,11.01777,25.5,35.161
01/04/2018,2.283605,27.5,97.045
02/04/2018,1.659249,27.5,47.121
03/04/2018,1.770765,27,68.565
04/04/2018,34.46983,27,70.776
05/04/2018,12.64078,27,50.045
06/04/2018,9.158344,26,62.632
07/04/2018,8.302619,26,118.392
08/04/2018,1.534356,26,36.212
09/04/2018,12.13091,25.5,38.294
10/04/2018,13.40741,26,32.484
11/04/2018,2.605162,26.5,31.969
12/04/2018,2.850282,28,24.73094
13/04/2018,5.762858,26,36.189
14/04/2018,0.605967,27,27.64
15/04/2018,0,26.5,19.377
16/04/2018,1.988946,26.5,54.237
17/04/2018,1.278956,26.5,41.832
18/04/2018,2.559513,26.5,48.309
19/04/2018,21.53531,26.5,61.682
20/04/2018,11.48759,25.5,47.458
21/04/2018,5.698346,26,48.886
22/04/2018,0.189658,26,26.797
23/04/2018,1.956218,26,19.919
24/04/2018,12.45991,26,17.815
25/04/2018,18.95149,26,14.905
26/04/2018,5.251677,26.5,14.905
27/04/2018,7.239176,26.5,15.024
28/04/2018,2.873739,26.5,21.447
29/04/2018,0.661317,26.5,16.36
30/04/2018,0.366073,27,14.945
01/05/2018,0.26964,27,14.402
02/05/2018,0,27,14.907
03/05/2018,0,26.5,14.41
04/05/2018,1.971127,26.5,14.389
05/05/2018,0.104418,26,13.241
06/05/2018,0,26,13.727
07/05/2018,0,26.5,13.855
08/05/2018,0,26.5,14.234
09/05/2018,0,26.5,13.45
10/05/2018,0,26,12.322
11/05/2018,2.088619,27,13.395
12/05/2018,1.911892,27,12.85
13/05/2018,0,26.5,12.579
14/05/2018,0.048444,26.5,12.55
15/05/2018,0.545674,26,12.317
16/05/2018,1.973162,26,12.704
17/05/2018,1.692852,26,13.203
18/05/2018,2.023463,25.5,12.532
19/05/2018,1.997671,25.5,13.112
20/05/2018,0.707701,26.5,13.602
21/05/2018,0,26.5,13.124
22/05/2018,1.4297,26.5,15.928
23/05/2018,0.956262,26.5,30.437
24/05/2018,8.305032,26,37.918
25/05/2018,6.05965,26.5,62.648
26/05/2018,22.07203,26.5,58.329
27/05/2018,9.680372,26.5,44.333
28/05/2018,0,26.5,43.29
29/05/2018,0,26.5,30.042
30/05/2018,0,26,23.662
31/05/2018,0,26,19.046
01/06/2018,0,26,17.279
02/06/2018,0,26,14.905
03/06/2018,0,25.5,14.473
04/06/2018,0,25.5,14.252
05/06/2018,11.16666,26.5,14.244
06/06/2018,0,26.5,12.846
07/06/2018,0,26,13.799
08/06/2018,0,26.5,13.084
09/06/2018,0.037932,22.5,12.42
10/06/2018,0,25.5,12.069
11/06/2018,0,26,11.537
12/06/2018,0,25,11.942
13/06/2018,0,24.5,11.327
14/06/2018,0,24.5,10.547
15/06/2018,0,25.5,10.79
16/06/2018,0,25.5,10.512
17/06/2018,0,25,10.721
18/06/2018,0,25,10.29
19/06/2018,0,25,10.791
20/06/2018,0,25,10.721
21/06/2018,5.475203,25.5,12.931
22/06/2018,23.66348,26,36.426
23/06/2018,6.878538,25.5,24.75
24/06/2018,0.447792,25.5,18.791
25/06/2018,1.115098,25.5,17.32
26/06/2018,0,25.5,13.321
27/06/2018,10.7225,25.5,13.635
28/06/2018,1.936194,26.5,13.001
29/06/2018,0,26,12.502
30/06/2018,0,26,12.015
01/07/2018,0,26.5,11.531
02/07/2018,0,26.5,10.932
03/07/2018,0,25,10.162
04/07/2018,0,25,9.825
05/07/2018,0,25.5,8.398
06/07/2018,0,25,8.309
07/07/2018,0,25,8.226
08/07/2018,0,25,8.807
09/07/2018,0,25,8.142
10/07/2018,0,25,7.981
11/07/2018,0,25,7.944
12/07/2018,0,25,7.917
13/07/2018,1.234178,24.5,7.867
14/07/2018,0.037932,24.5,7.765
15/07/2018,1.182676,24.5,7.662
16/07/2018,0,25,7.558
17/07/2018,0,25,7.345
18/07/2018,0,25,7.396
19/07/2018,0,25,7.557
20/07/2018,0,25,6.88
21/07/2018,0,25,6.927
22/07/2018,1.12171,25,6.412
23/07/2018,0,25,6.537
24/07/2018,0.224342,25,6.536
25/07/2018,0,24.5,6.217
26/07/2018,0,24.5,6.496
27/07/2018,0,24.5,6.753
28/07/2018,0,24.5,5.935
29/07/2018,0,24.5,5.396
30/07/2018,0,24.5,5.44
31/07/2018,0,24.5,5.349
01/08/2018,0,24.5,6.23
02/08/2018,0,24.5,5.744
03/08/2018,0,19.5,5.743
04/08/2018,0,24.5,5.119
05/08/2018,0,20,5.023
06/08/2018,0,19.5,4.925
07/08/2018,0,19.5,5.166
08/08/2018,0,19.5,5.023
09/08/2018,0,19.5,4.972
10/08/2018,0,19.5,5.023
11/08/2018,0,19.5,5.023
12/08/2018,0.124307,25,5.58
13/08/2018,0.104418,25,5.697
14/08/2018,0,25,5.692
15/08/2018,0,25,5.933
16/08/2018,0,24.5,6.049
17/08/2018,0,24.5,5.29
18/08/2018,0,24.5,4.377
19/08/2018,0,24.5,5.575
20/08/2018,0,25,5.61
21/08/2018,0,24.5,5.077
22/08/2018,0,24.5,5.209
23/08/2018,0,24.5,5.274
24/08/2018,0,24.5,5.143
25/08/2018,0,24.5,4.48
26/08/2018,0,24.5,4.392
27/08/2018,0,24.5,4.446
28/08/2018,0,25.5,4.317
29/08/2018,0,25.5,3.416
30/08/2018,0,25.5,3.881
31/08/2018,0,25.5,3.977
01/09/2018,0,25.5,4.073
02/09/2018,0,25.5,3.977
03/09/2018,0,24.5,3.929
04/09/2018,0,24.5,3.825
05/09/2018,0,24.5,3.271
06/09/2018,0,24.5,3.494
07/09/2018,0,24.5,3.13
08/09/2018,0,25,3.224
09/09/2018,0,25,2.892
10/09/2018,0,24.5,2.957
11/09/2018,0,24.5,2.94
12/09/2018,0.112171,25,2.989
13/09/2018,0,24.5,2.825
14/09/2018,0,24.5,2.757
15/09/2018,0,24.5,2.688
16/09/2018,0,24.5,2.652
17/09/2018,0,24.5,2.723
18/09/2018,0,24.5,2.79
19/09/2018,0,24.5,2.757
20/09/2018,0,24.5,4.071
21/09/2018,16.5067,24.5,6.009
22/09/2018,0,24.5,3.587
23/09/2018,0,24.5,3.981
24/09/2018,3.023198,24.5,6.14
25/09/2018,1.228402,24.5,5.88
26/09/2018,0.224342,25,3.622
27/09/2018,0.897368,25,3.826
28/09/2018,0,25,2.769
29/09/2018,0,26,2.743
30/09/2018,0,26,2.82
01/10/2018,0,26.5,2.743
02/10/2018,0,26.5,2.637
03/10/2018,0,26.7,2.563
04/10/2018,0,25.45,2.272
05/10/2018,0,26.55,2.246
06/10/2018,0,27.6,2.297
07/10/2018,0,27.35,2.219
08/10/2018,0,27.15,2.166
09/10/2018,0,26.85,2.138
10/10/2018,0,27.6,2.137
11/10/2018,0,27.6,2.11
12/10/2018,0,27.6,1.766
13/10/2018,0,28.05,1.812
14/10/2018,0,27.4,1.544
15/10/2018,0,26.8,1.454
16/10/2018,0,27.25,1.49
17/10/2018,0,28.2,1.313
18/10/2018,0,27.35,1.435
19/10/2018,0,27.8,1.454
20/10/2018,0,27.4,1.313
21/10/2018,0,26.8,1.376
22/10/2018,0,27.45,1.355
23/10/2018,0,27.35,1.416
24/10/2018,0,27.6,1.334
25/10/2018,0,27.95,1.375
26/10/2018,0,28.2,1.335
27/10/2018,0,28.3,1.27
28/10/2018,0,28.55,1.248
29/10/2018,0,28.3,1.203
30/10/2018,0,28.55,1.247
31/10/2018,0,28.4,1.156
01/11/2018,0,28.15,1.203
02/11/2018,0,28.1,0.418
03/11/2018,2.336777,26.5,3.051
04/11/2018,4.924522,26.5,2.518
05/11/2018,5.186242,26.5,11.21
06/11/2018,13.9618,26.5,12.489
07/11/2018,14.94045,26.5,9.857
08/11/2018,8.020316,26.5,8.41
09/11/2018,12.44367,26.5,46.293
10/11/2018,11.69538,26.5,31.689
11/11/2018,13.08292,26.5,23.229
12/11/2018,7.506314,26.5,13.546
13/11/2018,2.814357,26.5,19.234
14/11/2018,26.27508,26.5,54.352
15/11/2018,11.4403,26.5,20.447
16/11/2018,3.883586,26,18.436
17/11/2018,3.196338,26,10.017
18/11/2018,3.153803,26,5.72
19/11/2018,0.226651,26,5.463
20/11/2018,1.346052,26,4.699
21/11/2018,0,26,4.246
22/11/2018,0,26,3.916
23/11/2018,2.934135,26,5.251
24/11/2018,5.951783,26,5.127
25/11/2018,3.317188,26,5.999
26/11/2018,10.45872,26,14.29
27/11/2018,14.61867,26,23.853
28/11/2018,16.51002,26,12.539
29/11/2018,12.28182,26,33.01
30/11/2018,13.36736,26,24.58
01/12/2018,1.270761,26,16.63
02/12/2018,5.296238,26,12.518
03/12/2018,7.715307,27,14.267
04/12/2018,4.045266,27,20.2
05/12/2018,6.621809,27,18.533
06/12/2018,11.66104,27,49.163
07/12/2018,17.06063,27,46.353
08/12/2018,1.333625,27,22.632
09/12/2018,0.430033,27,21.383
10/12/2018,0,27,13.481
11/12/2018,2.852374,27,10.071
12/12/2018,1.817592,27,14.779
13/12/2018,0.558187,27,11.981
14/12/2018,3.882249,27,10.546
15/12/2018,1.576901,27,52.74
16/12/2018,14.43427,27,65.076
17/12/2018,21.60618,27,51.798
18/12/2018,0,27,28.208
19/12/2018,1.050863,27,20.836
20/12/2018,0.306502,27,22.409
21/12/2018,0.725408,27,18.297
22/12/2018,8.790667,27,42.736
23/12/2018,11.56104,27,30.744
24/12/2018,71.65027,27,27.402
25/12/2018,13.58343,27,73.391
26/12/2018,24.48417,27,42.346
27/12/2018,2.744255,27,32.978
28/12/2018,2.570367,27,24.09
29/12/2018,1.298685,27,22.345
30/12/2018,0.53166,27,19.414
31/12/2018,0.174755,27,20.465
01/01/2019,0.418792,27,21.674
02/01/2019,11.06021,27,104.5847
03/01/2019,48.12824,25,117.6593
04/01/2019,24.21621,26,104.5363
05/01/2019,23.43892,26,111.0637
06/01/2019,21.79348,26,130.7548
07/01/2019,18.58521,26,76.13194
08/01/2019,19.34659,27,92.66161
09/01/2019,0.777517,27,116.9575
10/01/2019,1.265684,27,98.4764
11/01/2019,0.228922,26,42.30477
12/01/2019,18.05702,27,116.732
13/01/2019,26.17049,26,104.2107
14/01/2019,36.90448,27,108.1643
15/01/2019,44.03125,26,105.5043
16/01/2019,43.48263,26,124.7114
17/01/2019,54.77692,26,132.5837
18/01/2019,35.97456,26,82.324
19/01/2019,21.11045,26,91.14468
20/01/2019,3.055953,26,60.06848
21/01/2019,5.558282,26,63.48111
22/01/2019,19.57271,27,83.41905
23/01/2019,35.23179,27,107.83
24/01/2019,21.39191,26,91.08629
25/01/2019,24.04488,26,70.46407
26/01/2019,31.70914,26,107.3541
27/01/2019,50.71269,26,126.8388
28/01/2019,22.05658,27,86.65781
29/01/2019,25.10891,27,78.98884
30/01/2019,0.057697,27,126.5726
31/01/2019,3.825055,27,98.8185
01/02/2019,15.6872,27,71.0644
02/02/2019,9.024596,26,23.6423
03/02/2019,8.200576,26.5,49.6888
04/02/2019,3.820071,26.5,112.0999
05/02/2019,5.853468,26,56.79271
06/02/2019,1.781732,27,125.0414
07/02/2019,0.982629,26.5,99.9823
08/02/2019,4.250428,26,126.1623
09/02/2019,2.541465,26.5,51.60805
10/02/2019,6.485339,27,49.37902
11/02/2019,1.043041,27,48.0317
12/02/2019,4.789568,26.5,118.3754
13/02/2019,1.627892,26,48.33635
14/02/2019,13.82279,26,58.08756
15/02/2019,11.63357,25.5,62.88058
16/02/2019,3.42539,26.5,126.9147
17/02/2019,14.82824,26,108.185
18/02/2019,8.775005,26,128.2281
19/02/2019,4.719721,25.5,125.7817
20/02/2019,0.276136,25.5,17.49725
21/02/2019,2.906879,25.5,114.9874
22/02/2019,2.758482,26.5,100.2881
23/02/2019,9.388567,26.5,91.5068
24/02/2019,3.010822,26.5,91.9754
25/02/2019,9.437191,26,46.7082
26/02/2019,5.334822,26,91.7114
27/02/2019,21.85618,26.5,88.8679
28/02/2019,3.743964,26.5,80.322
01/03/2019,5.5861,26.5,69.7015
02/03/2019,11.25644,26.5,69.8247
03/03/2019,5.880807,26,72.7364
04/03/2019,7.155519,26,75.3456
05/03/2019,3.349699,26.5,70.0117
06/03/2019,1.146912,26.5,60.467
07/03/2019,2.319425,26.5,64.0662
08/03/2019,0.974017,26.5,62.8177
09/03/2019,1.458463,26.5,58.5442
10/03/2019,0.264167,27,69.5871
11/03/2019,0.070925,27,70.1679
12/03/2019,2.716889,27,94.4262
13/03/2019,0.871382,26.5,68.1197
14/03/2019,0.971917,26.5,108.1278
15/03/2019,0.116597,26,62.28778
16/03/2019,2.903354,27,64.9154
17/03/2019,4.916433,26.5,80.6487
18/03/2019,3.385078,26.5,80.9314
19/03/2019,4.769779,26.5,110.1628
20/03/2019,7.300471,25.5,55.78179
21/03/2019,2.344235,26,65.1915
22/03/2019,3.008761,27,52.1004
23/03/2019,2.729842,27,85.9936
24/03/2019,2.985842,26,82.1304
25/03/2019,3.112011,26.5,47.3858
26/03/2019,1.483591,26.5,67.6797
27/03/2019,0.884652,26.5,51.4624
28/03/2019,1.878247,26,47.597
29/03/2019,0.045579,26,36.6432
30/03/2019,0,26,36.4914
31/03/2019,0.242334,25.5,38.6771
01/04/2019,2.932765,27.5,106.7495
02/04/2019,19.59743,27.5,51.8331
03/04/2019,7.199185,27,75.4215
04/04/2019,6.601508,27,77.8536
05/04/2019,0.589687,27,55.0495
06/04/2019,0.287385,26,68.8952
07/04/2019,1.168366,26,130.2312
08/04/2019,0.219961,26,39.8332
09/04/2019,0,25.5,42.1234
10/04/2019,0.679646,26,35.7324
11/04/2019,0.020601,26.5,35.1659
12/04/2019,1.784981,28,64.23821
13/04/2019,1.386267,26,39.8079
14/04/2019,0.462911,27,30.404
15/04/2019,0.963118,26.5,21.3147
16/04/2019,0.822501,26.5,59.6607
17/04/2019,0.935179,26.5,46.0152
18/04/2019,0.02553,26.5,53.1399
19/04/2019,0.213357,26.5,67.8502
20/04/2019,0,25.5,52.2038
21/04/2019,0,26,53.7746
22/04/2019,0.173735,26,29.4767
23/04/2019,0.073261,26,21.9109
24/04/2019,0.245329,26,19.5965
25/04/2019,0.031678,26,16.3955
26/04/2019,0.027865,26.5,16.3955
27/04/2019,0.052898,26.5,16.5264
28/04/2019,0.254102,26.5,23.5917
29/04/2019,2.684567,26.5,17.996
30/04/2019,1.708951,27,16.4395
01/05/2019,0.019601,27,15.8422
02/05/2019,8.25567,27,16.3977
03/05/2019,5.058227,26.5,15.851
04/05/2019,5.029358,26.5,15.8279
05/05/2019,0,26,14.5651
06/05/2019,1.352483,26,15.0997
07/05/2019,29.20099,26.5,15.2405
08/05/2019,34.32262,26.5,15.6574
09/05/2019,11.65557,26.5,14.795
10/05/2019,0.03475,26,13.5542
11/05/2019,0,27,14.7345
12/05/2019,0,27,14.135
13/05/2019,0.424743,26.5,13.8369
14/05/2019,0.849485,26.5,13.805
15/05/2019,0,26,13.5487
16/05/2019,0.005178,26,13.9744
17/05/2019,0,26,14.5233
18/05/2019,0,25.5,13.7852
19/05/2019,0,25.5,14.4232
20/05/2019,0,26.5,14.9622
21/05/2019,0,26.5,14.4364
22/05/2019,0.104249,26.5,17.5208
23/05/2019,0,26.5,33.4807
24/05/2019,1.505059,26,41.7098
25/05/2019,0,26.5,68.9128
26/05/2019,0.436213,26.5,64.1619
27/05/2019,0,26.5,48.7663
28/05/2019,0.338333,26.5,47.619
29/05/2019,0.200674,26.5,33.0462
30/05/2019,1.549116,26,26.0282
31/05/2019,0,26,20.9506
01/06/2019,0,26,19.0069
02/06/2019,0,26,16.3955
03/06/2019,0,25.5,15.9203
04/06/2019,0.112171,25.5,15.6772
05/06/2019,0,26.5,15.6684
06/06/2019,0,26.5,14.1306
07/06/2019,0.785197,26,15.1789
08/06/2019,0,26.5,14.3924
09/06/2019,0,22.5,13.662
10/06/2019,0,25.5,13.2759
11/06/2019,0,26,12.6907
12/06/2019,0,25,13.1362
13/06/2019,0,24.5,12.4597
14/06/2019,0,24.5,11.6017
15/06/2019,0.069612,25.5,11.869
16/06/2019,1.251369,25.5,11.5632
17/06/2019,2.302233,25,11.7931
18/06/2019,0,25,11.319
19/06/2019,0,25,11.8701
20/06/2019,0,25,11.7931
21/06/2019,0,25.5,14.2241
22/06/2019,0,26,40.0686
23/06/2019,0,25.5,27.225
24/06/2019,0,25.5,20.6701
25/06/2019,0,25.5,19.052
26/06/2019,0,25.5,14.6531
27/06/2019,0,25.5,14.9985
28/06/2019,0,26.5,14.3011
29/06/2019,0,26,13.7522
30/06/2019,0,26,13.2165
01/07/2019,0,26.5,12.6841
02/07/2019,0,26.5,12.0252
03/07/2019,0,25,11.1782
04/07/2019,0,25,10.8075
05/07/2019,2.946084,25.5,9.2378
06/07/2019,5.476507,25,9.1399
07/07/2019,0.069612,25,9.0486
08/07/2019,0,25,9.6877
09/07/2019,0,25,8.9562
10/07/2019,0,25,8.7791
11/07/2019,0,25,8.7384
12/07/2019,0,25,8.7087
13/07/2019,0,24.5,8.6537
14/07/2019,0,24.5,8.5415
15/07/2019,0,24.5,8.4282
16/07/2019,0,25,8.3138
17/07/2019,0,25,8.0795
18/07/2019,0,25,8.1356
19/07/2019,0,25,8.3127
20/07/2019,0,25,7.568
21/07/2019,0,25,7.6197
22/07/2019,0,25,7.0532
23/07/2019,0,25,7.1907
24/07/2019,0,25,7.1896
25/07/2019,0,24.5,6.8387
26/07/2019,0,24.5,7.1456
27/07/2019,0,24.5,7.4283
28/07/2019,0,24.5,6.5285
29/07/2019,0,24.5,5.9356
30/07/2019,0,24.5,5.984
31/07/2019,0,24.5,5.8839
01/08/2019,0,24.5,6.853
02/08/2019,0,24.5,6.3184
03/08/2019,0,19.5,6.3173
04/08/2019,0,24.5,5.6309
05/08/2019,0,20,5.5253
06/08/2019,0,19.5,5.4175
07/08/2019,0,19.5,5.6826
08/08/2019,0,19.5,5.5253
09/08/2019,0,19.5,5.4692
10/08/2019,0,19.5,5.5253
11/08/2019,0,19.5,5.5253
12/08/2019,0,25,6.138
13/08/2019,0,25,6.2667
14/08/2019,0,25,6.2612
15/08/2019,0,25,6.5263
16/08/2019,0,24.5,6.6539
17/08/2019,0,24.5,5.819
18/08/2019,0,24.5,4.8147
19/08/2019,0,24.5,6.1325
20/08/2019,0,25,6.171
21/08/2019,0,24.5,5.5847
22/08/2019,0,24.5,5.7299
23/08/2019,0,24.5,5.8014
24/08/2019,0,24.5,5.6573
25/08/2019,0,24.5,4.928
26/08/2019,0,24.5,4.8312
27/08/2019,0,24.5,4.8906
28/08/2019,0,25.5,4.7487
29/08/2019,0,25.5,3.7576
30/08/2019,0,25.5,4.2691
31/08/2019,0,25.5,4.3747
01/09/2019,0,25.5,4.4803
02/09/2019,0,25.5,4.3747
03/09/2019,0,24.5,4.3219
04/09/2019,0,24.5,4.2075
05/09/2019,0,24.5,3.5981
06/09/2019,0,24.5,3.8434
07/09/2019,0,24.5,3.443
08/09/2019,0,25,3.5464
09/09/2019,0,25,3.1812
10/09/2019,0,24.5,3.2527
11/09/2019,0,24.5,3.234
12/09/2019,0,25,3.2879
13/09/2019,1.432041,24.5,3.1075
14/09/2019,0.418311,24.5,3.0327
15/09/2019,0,24.5,2.9568
16/09/2019,0,24.5,2.9172
17/09/2019,0,24.5,2.9953
18/09/2019,0,24.5,3.069
19/09/2019,0,24.5,3.0327
20/09/2019,0,24.5,4.4781
21/09/2019,0,24.5,6.6099
22/09/2019,0,24.5,3.9457
23/09/2019,0,24.5,4.3791
24/09/2019,0.497237,24.5,6.754
25/09/2019,0.066579,24.5,6.468
26/09/2019,0,25,3.9842
27/09/2019,0,25,4.2086
28/09/2019,0.166447,25,3.0459
29/09/2019,0,26,3.0173
30/09/2019,0,26,3.102
01/10/2019,0.003187,26.5,3.0173
02/10/2019,0,26.5,2.9007
03/10/2019,0,26.7,2.8193
04/10/2019,0,25.45,2.4992
05/10/2019,0,26.55,2.4706
06/10/2019,0,27.6,2.5267
07/10/2019,0,27.35,2.4409
08/10/2019,0,27.15,2.3826
09/10/2019,0,26.85,2.3518
10/10/2019,0,27.6,2.3507
11/10/2019,0,27.6,2.321
12/10/2019,0,27.6,1.9426
13/10/2019,1.432041,28.05,1.9932
14/10/2019,0.448684,27.4,1.6984
15/10/2019,0,26.8,1.5994
16/10/2019,0,27.25,1.639
17/10/2019,0,28.2,1.4443
18/10/2019,0,27.35,1.5785
19/10/2019,0,27.8,1.5994
20/10/2019,0,27.4,1.4443
21/10/2019,0,26.8,1.5136
22/10/2019,0,27.45,1.4905
23/10/2019,0,27.35,1.5576
24/10/2019,0.716021,27.6,1.4674
25/10/2019,0,27.95,1.5125
26/10/2019,0,28.2,1.4685
27/10/2019,1.233881,28.3,1.397
28/10/2019,0,28.55,1.3728
29/10/2019,0,28.3,1.3233
30/10/2019,0.575276,28.55,1.3717
31/10/2019,0,28.4,1.2716
01/11/2019,0,28.15,1.3233
02/11/2019,0.897368,28.1,0.4598
03/11/2019,1.945588,26.5,3.3561
04/11/2019,10.008,26.5,2.7698
05/11/2019,0.228209,26.5,12.331
06/11/2019,0,26.5,13.7379
07/11/2019,0,26.5,10.8427
08/11/2019,0,26.5,9.251
09/11/2019,0.158531,26.5,50.9223
10/11/2019,0,26.5,34.8579
11/11/2019,0,26.5,25.5519
12/11/2019,0.100117,26.5,14.9006
13/11/2019,1.138109,26.5,21.1574
14/11/2019,0.016192,26.5,59.7872
15/11/2019,0.016192,26.5,22.4917
16/11/2019,0.283664,26,20.2796
17/11/2019,0,26,11.0187
18/11/2019,0,26,6.292
19/11/2019,0.120386,26,6.0093
20/11/2019,0.06625,26,5.1689
21/11/2019,0,26,4.6706
22/11/2019,0,26,4.3076
23/11/2019,0,26,5.7761
24/11/2019,2.572618,26,5.6397
25/11/2019,1.275021,26,6.5989
26/11/2019,0.679045,26,15.719
27/11/2019,0.075088,26,26.2383
28/11/2019,0.130301,26,13.7929
29/11/2019,3.089406,26,36.311
30/11/2019,0,26,27.038
01/12/2019,3.792835,26,18.293
02/12/2019,13.37217,26,13.7698
03/12/2019,3.621116,27,15.6937
04/12/2019,0.044351,27,22.22
05/12/2019,0.543916,27,20.3863
06/12/2019,1.030804,27,54.0793
07/12/2019,0.045583,27,50.9883
08/12/2019,2.329138,27,24.8952
09/12/2019,0.050418,27,23.5213
10/12/2019,5.134918,27,14.8291
11/12/2019,2.590599,27,11.0781
12/12/2019,0.149819,27,16.2569
13/12/2019,0.395528,27,13.1791
14/12/2019,1.209663,27,11.6006
15/12/2019,0.443078,27,58.014
16/12/2019,1.939309,27,71.5836
17/12/2019,1.465445,27,56.9778
18/12/2019,1.023882,27,31.0288
19/12/2019,0.649214,27,22.9196
20/12/2019,3.612462,27,24.6499
21/12/2019,0.682534,27,20.1267
22/12/2019,2.721535,27,47.0096
23/12/2019,0.650605,27,33.8184
24/12/2019,2.060354,27,30.1422
25/12/2019,0.169225,27,80.7301
26/12/2019,1.152927,27,46.5806
27/12/2019,1.773185,27,36.2758
28/12/2019,3.869768,27,26.499
29/12/2019,2.139109,27,24.5795
30/12/2019,1.560734,27,21.3554
31/12/2019,3.303636,27,22.5115
01/01/2020,2.414531,27,23.8414
02/01/2020,38.3839,27,51.89347
03/01/2020,16.00664,30.4,72.52334
04/01/2020,29.38819,30.4,56.83373
05/01/2020,3.56735,30.4,11.9168
06/01/2020,9.960817,30.4,72.52334
07/01/2020,8.442154,30.4,25.64087
08/01/2020,16.04789,30.4,72.52334
09/01/2020,18.32804,30.4,33.7058
10/01/2020,7.853833,30.4,15.01688
11/01/2020,1.657255,30.4,11.9168
12/01/2020,1.289687,30.4,2.293389
13/01/2020,0,30.4,19.019
14/01/2020,0,30.4,16.618
15/01/2020,0.356631,30.4,13.324
16/01/2020,0.269955,30.4,10.827
17/01/2020,0,30.4,9.684
18/01/2020,0,30.4,9.084
19/01/2020,0,30.4,7.967
20/01/2020,0,30.4,7.967
21/01/2020,0.079558,30.4,8.152
22/01/2020,11.28881,30.4,83.66943
23/01/2020,30.7563,30.4,6.486684
24/01/2020,4.254748,30.4,6.486684
25/01/2020,0.496875,30.4,21.463
26/01/2020,1.266669,30.4,2.293389
27/01/2020,10.10202,30.4,95.3344
28/01/2020,32.53172,30.4,6.486684
29/01/2020,8.385809,30.4,25.64087
30/01/2020,13.69164,30.4,83.66943
31/01/2020,21.76056,30.4,72.52334
01/02/2020,11.46005,30.4,51.89347
02/02/2020,15.50033,30.4,95.3344
03/02/2020,19.48511,30.5,72.52334
04/02/2020,22.18577,30.5,61.92151
05/02/2020,0.047019,30.5,6.486684
06/02/2020,0,30.5,2.293389
07/02/2020,5.493103,30.5,54.12394
08/02/2020,25.56131,30.5,72.52334
09/02/2020,11.84316,30.5,11.9168
10/02/2020,10.55976,30.5,61.92151
11/02/2020,7.162404,30.5,25.64087
12/02/2020,14.48061,30.5,72.52334
13/02/2020,10.1905,30.5,33.7058
14/02/2020,0.53345,30.5,51.89347
15/02/2020,9.079637,30.5,25.64087
16/02/2020,17.71984,30.5,120.1351
17/02/2020,24.86069,30.5,72.52334
18/02/2020,4.67438,30.5,51.89347
19/02/2020,6.433844,30.5,29.58161
20/02/2020,16.2639,30.5,33.7058
21/02/2020,0.956024,30.5,51.89347
22/02/2020,27.37544,30.5,18.34711
23/02/2020,42.70346,30.5,132.4681
24/02/2020,6.479579,30.5,133.2339
25/02/2020,1.327608,30.5,72.52334
26/02/2020,16.90676,30.5,61.92151
27/02/2020,11.09102,30.5,72.52334
28/02/2020,18.32809,30.5,51.89347
29/02/2020,2.462431,30.5,107.4961
01/03/2020,30.20593,30.5,95.3344
02/03/2020,19.25212,30.5,82.65344
03/03/2020,5.196179,28.4,107.4961
04/03/2020,2.448826,28.4,51.89347
05/03/2020,9.48044,28.4,95.3344
06/03/2020,8.893517,28.4,65.61778
07/03/2020,10.25479,28.4,133.2339
08/03/2020,24.02262,28.4,103.8223
09/03/2020,12.31498,28.4,85.95513
10/03/2020,7.498325,28.4,95.3344
11/03/2020,6.024266,28.4,83.66943
12/03/2020,1.241003,28.4,72.52334
13/03/2020,14.89485,28.4,95.3344
14/03/2020,30.02842,28.4,61.92151
15/03/2020,1.32524,28.4,72.52334
16/03/2020,7.989123,28.4,95.3344
17/03/2020,23.75432,28.4,83.66943
18/03/2020,11.49267,28.4,51.89347
19/03/2020,6.321009,28.4,33.7058
20/03/2020,1.009378,28.4,25.64087
21/03/2020,5.115092,28.4,51.89347
22/03/2020,6.725765,28.4,83.66943
23/03/2020,7.124552,28.4,120.1351
24/03/2020,2.420064,28.4,25.64087
25/03/2020,0.233927,28.4,47.10529
26/03/2020,0.71944,28.4,33.7058
27/03/2020,0.233927,28.4,51.89347
28/03/2020,3.328508,28.4,25.64087
29/03/2020,5.359168,28.4,51.89347
30/03/2020,3.208038,28.4,33.7058
31/03/2020,0,28.4,47.10529
01/04/2020,14.31268,28.4,72.52334
02/04/2020,10.78521,28.4,83.66943
03/04/2020,15.29032,30.6,62.45578
04/04/2020,27.24497,30.6,87.44268
05/04/2020,26.8067,30.6,95.3344
06/04/2020,24.87348,30.6,95.01877
07/04/2020,34.25941,30.6,107.7617
08/04/2020,17.57068,30.6,93.6471
09/04/2020,10.5366,30.6,83.66943
10/04/2020,11.34312,30.6,42.47416
11/04/2020,0.636979,30.6,51.89347
12/04/2020,0.490835,30.6,25.64087
13/04/2020,0.452903,30.6,25.64087
14/04/2020,0.920899,30.6,18.34711
15/04/2020,0.524461,30.6,61.92151
16/04/2020,14.01447,30.6,120.1351
17/04/2020,20.76027,30.6,72.52334
18/04/2020,9.793134,30.6,83.66943
19/04/2020,16.28169,30.6,51.89347
20/04/2020,3.223288,30.6,42.47416
21/04/2020,0.169359,30.6,33.7058
22/04/2020,3.57642,30.6,25.64087
23/04/2020,1.703607,30.6,21.89256
24/04/2020,0,30.6,18.34711
25/04/2020,2.95669,30.6,11.9168
26/04/2020,0.397789,30.6,6.486684
27/04/2020,5.330376,30.6,11.9168
28/04/2020,5.145944,30.6,72.52334
29/04/2020,0.630126,30.6,25.64087
30/04/2020,1.5574,30.6,18.34711
01/05/2020,0.477347,30.6,6.486684
02/05/2020,0,30.6,11.9168
03/05/2020,0.55871,29.6,6.486684
04/05/2020,0,29.6,4.213225
05/05/2020,2.881918,29.6,42.47416
06/05/2020,6.080689,29.6,15.01688
07/05/2020,0.318231,29.6,2.293389
08/05/2020,22.03252,29.6,72.52334
09/05/2020,5.472064,29.6,51.89347
10/05/2020,6.64922,29.6,18.34711
11/05/2020,13.56484,29.6,25.64087
12/05/2020,4.478736,29.6,18.34711
13/05/2020,0.68079,29.6,11.9168
14/05/2020,0,29.6,6.486684
15/05/2020,0.846767,29.6,6.486684
16/05/2020,1.166731,29.6,2.293389
17/05/2020,3.517988,29.6,20.345
18/05/2020,7.093569,29.6,21.463
19/05/2020,8.626624,29.6,25.64087
20/05/2020,4.014215,29.6,11.9168
21/05/2020,7.854392,29.6,61.92151
22/05/2020,1.738313,29.6,15.01688
23/05/2020,6.549992,29.6,72.52334
24/05/2020,0,29.6,18.34711
25/05/2020,0,29.6,19.592
26/05/2020,4.944727,29.6,120.1351
27/05/2020,34.61971,29.6,51.89347
28/05/2020,10.69806,29.6,133.2339
29/05/2020,24.89067,29.6,51.89347
30/05/2020,0.402253,29.6,25.64087
31/05/2020,41.10695,29.6,11.9168
01/06/2020,5.444002,29.6,42.47416
02/06/2020,1.652765,29.6,25.64087
03/06/2020,7.407081,27.9,11.9168
04/06/2020,0,27.9,0.810836
05/06/2020,0,27.9,0.810836
06/06/2020,0,27.9,0.810836
07/06/2020,0,27.9,0.810836
08/06/2020,0,27.9,20.464
09/06/2020,0,27.9,20.11
10/06/2020,0,27.9,20.313
11/06/2020,0,27.9,13.108
12/06/2020,0,27.9,13.748
13/06/2020,0,27.9,13.596
14/06/2020,0,27.9,11.9168
15/06/2020,10.55616,27.9,18.054
16/06/2020,0,27.9,11.926
17/06/2020,0.7401,27.9,10.821
18/06/2020,1.289221,27.9,10.821
19/06/2020,0.069612,27.9,10.454
20/06/2020,0,27.9,9.507
21/06/2020,0,27.9,10.413
22/06/2020,1.032094,27.9,10.978
23/06/2020,0,27.9,10.761
24/06/2020,0,27.9,9.292
25/06/2020,0,27.9,8.331
26/06/2020,0,27.9,8.331
27/06/2020,0,27.9,7.451
28/06/2020,0,27.9,7.009
29/06/2020,0,27.9,6.509
30/06/2020,0,27.9,6.718
01/07/2020,1.860702,27.9,6.718
02/07/2020,0,27.9,6.718
03/07/2020,0.662964,29.6,6.282
04/07/2020,0,29.6,6.163
05/07/2020,0,29.6,6.679
06/07/2020,3.585035,29.6,6.976
07/07/2020,0.405938,29.6,7.535
08/07/2020,0.000908,29.6,7.125
09/07/2020,0,29.6,6.501
10/07/2020,0,29.6,6.817
11/07/2020,0,29.6,7.412
12/07/2020,0,29.6,7.499
13/07/2020,0.243643,29.6,7.583
14/07/2020,0,29.6,7.667
15/07/2020,3.355693,29.6,7.913
16/07/2020,2.938951,29.6,8.842
17/07/2020,1.652765,29.6,6.38
18/07/2020,0.159632,29.6,6.927
19/07/2020,0.263534,29.6,6.604
20/07/2020,0.687313,29.6,7.626
21/07/2020,0,29.6,7.927
22/07/2020,0,29.6,7.626
23/07/2020,0.002271,29.6,7.722
24/07/2020,0,29.6,6.802
25/07/2020,0,29.6,5.792
26/07/2020,0,29.6,6.566
27/07/2020,0,29.6,6.444
28/07/2020,0,29.6,6.319
29/07/2020,0,29.6,5.994
30/07/2020,0,29.6,6.062
31/07/2020,0,29.6,6.126
01/08/2020,0,29.6,6.192
02/08/2020,0,29.6,6.126
03/08/2020,0,24.2,5.86
04/08/2020,0,24.2,5.931
05/08/2020,0,24.2,5.999
06/08/2020,0,24.2,5.861
07/08/2020,0,24.2,5.721
08/08/2020,0,24.2,4.871
09/08/2020,0,24.2,4.522
10/08/2020,1.823573,24.2,4.044
11/08/2020,4.061325,24.2,25.64087
12/08/2020,4.748122,24.2,9.329
13/08/2020,3.391285,24.2,10.219
14/08/2020,4.752945,24.2,72.52334
15/08/2020,15.40265,24.2,20.612
16/08/2020,1.38896,24.2,19.163
17/08/2020,0.583955,24.2,10.963
18/08/2020,0.239447,24.2,9.389
19/08/2020,0,24.2,8.559
20/08/2020,0,24.2,8.364
21/08/2020,0,24.2,7.068
22/08/2020,0,24.2,6.581
23/08/2020,0,24.2,5.426
24/08/2020,0,24.2,5.327
25/08/2020,0,24.2,4.954
26/08/2020,0,24.2,5.195
27/08/2020,0,24.2,4.953
28/08/2020,0,24.2,5.035
29/08/2020,0.054618,24.2,5.426
30/08/2020,0,24.2,5.273
31/08/2020,0,24.2,4.431
01/09/2020,0,24.2,4.612
02/09/2020,1.27084,24.2,4.699
03/09/2020,0.83247,25.6,6.067
04/09/2020,0.266836,25.6,6.331
05/09/2020,0,25.6,5.792
06/09/2020,0,25.6,4.954
07/09/2020,0.356365,25.6,4.785
08/09/2020,0.716021,25.6,4.144
09/09/2020,0.807703,25.6,5.791
10/09/2020,0,25.6,4.431
11/09/2020,0,25.6,4.243
12/09/2020,0,25.6,4.145
13/09/2020,0.24222,25.6,4.337
14/09/2020,0,25.6,4.431
15/09/2020,0,25.6,5.116
16/09/2020,0,25.6,4.954
17/09/2020,0,25.6,4.786
18/09/2020,1.143056,25.6,5.035
19/09/2020,0.069612,25.6,5.195
20/09/2020,0,25.6,4.871
21/09/2020,2.007463,25.6,5.351
22/09/2020,3.131434,25.6,4.145
23/09/2020,1.054847,25.6,4.941
24/09/2020,0,25.6,4.069
25/09/2020,0.044473,25.6,4.126
26/09/2020,0,25.6,4.431
27/09/2020,0,25.6,4.337
28/09/2020,0,25.6,3.129
29/09/2020,0,25.6,3.929
30/09/2020,0,25.6,3.882
01/10/2020,0.112171,25.6,4.467
02/10/2020,3.140018,25.6,4.383
03/10/2020,4.782902,26.7,6.541
04/10/2020,0.320842,26.7,3.525
05/10/2020,1.04481,26.7,4.251
06/10/2020,0.139225,26.7,3.243
07/10/2020,0,26.7,3.503
08/10/2020,0.84515,26.7,3.452
09/10/2020,0.059736,26.7,4.059
10/10/2020,0,26.7,3.504
11/10/2020,2.067463,26.7,4.145
12/10/2020,10.67923,26.7,4.187
13/10/2020,0,26.7,3.768
14/10/2020,0,26.7,3.499
15/10/2020,3.970817,26.7,6.259
16/10/2020,4.851643,26.7,25.64087
17/10/2020,0,26.7,5.788
18/10/2020,6.317948,26.7,11.9168
19/10/2020,3.821262,26.7,18.34711
20/10/2020,7.008039,26.7,9.065417
21/10/2020,6.05258,26.7,8.609
22/10/2020,27.25738,26.7,18.34711
23/10/2020,8.491704,26.7,6.486684
24/10/2020,6.77598,26.7,6.486684
25/10/2020,1.900217,26.7,9.024
26/10/2020,7.484643,26.7,8.178
27/10/2020,14.01024,26.7,9.065417
28/10/2020,17.82855,26.7,11.9168
29/10/2020,8.959887,26.7,6.486684
30/10/2020,22.5405,26.7,11.9168
31/10/2020,12.12717,26.7,18.34711
01/11/2020,21.01326,26.7,42.47416
02/11/2020,10.60399,26.7,51.89347
03/11/2020,7.568431,28,15.01688
04/11/2020,6.170933,28,51.89347
05/11/2020,8.524062,28,11.9168
06/11/2020,2.852638,28,6.486684
07/11/2020,3.399118,28,2.293389
08/11/2020,3.153803,28,2.293389
09/11/2020,0.180022,28,0.810836
10/11/2020,0,28,0.810836
11/11/2020,9.411807,28,6.486684
12/11/2020,1.404867,28,2.293389
13/11/2020,0.4173,28,0.810836
14/11/2020,8.869297,28,6.486684
15/11/2020,9.273467,28,11.9168
16/11/2020,17.21229,28,11.9168
17/11/2020,0,28,6.486684
18/11/2020,23.57988,28,25.64087
19/11/2020,0,28,6.486684
20/11/2020,14.55055,28,6.486684
21/11/2020,8.585073,28,6.486684
22/11/2020,23.71725,28,42.47416
23/11/2020,29.11448,28,18.34711
24/11/2020,17.2138,28,11.9168
25/11/2020,30.96379,28,42.47416
26/11/2020,37.2572,28,72.52334
27/11/2020,23.82395,28,72.52334
28/11/2020,14.23758,28,61.92151
29/11/2020,18.98163,28,51.89347
30/11/2020,11.21746,28,61.92151
01/12/2020,10.93444,28,61.92151
02/12/2020,2.029816,28,42.47416
03/12/2020,3.546799,27.4,18.34711
04/12/2020,3.453303,27.4,107.4961
05/12/2020,32.72584,27.4,51.89347
06/12/2020,4.454757,27.4,33.7058
07/12/2020,1.945752,27.4,25.64087
08/12/2020,0.553857,27.4,11.9168
09/12/2020,0.948082,27.4,9.065417
10/12/2020,2.70298,27.4,9.065417
11/12/2020,1.000015,27.4,42.47416
12/12/2020,31.44954,27.4,105.5869
13/12/2020,42.89997,27.4,120.1351
14/12/2020,13.2613,27.4,51.89347
15/12/2020,34.78079,27.4,112.4286
16/12/2020,18.95696,27.4,61.92151
17/12/2020,1.525241,27.4,4.213225
18/12/2020,2.38816,27.4,29.58161
19/12/2020,2.616141,27.4,21.89256
20/12/2020,1.30533,27.4,18.34711
21/12/2020,0,27.4,11.9168
22/12/2020,0,27.4,6.486684
23/12/2020,0,27.4,4.213225
24/12/2020,8.08162,27.4,21.186
25/12/2020,11.904,27.4,6.486684
26/12/2020,9.796296,27.4,6.486684
27/12/2020,5.998923,27.4,2.293389
28/12/2020,5.234579,27.4,18.34711
29/12/2020,3.786137,27.4,6.486684
30/12/2020,37.22973,27.4,61.92151
31/12/2020,16.84053,27.4,83.66943
